[{"model": "contenttypes.contenttype", "pk": 1, "fields": {"app_label": "admin", "model": "logentry"}}, {"model": "contenttypes.contenttype", "pk": 2, "fields": {"app_label": "auth", "model": "permission"}}, {"model": "contenttypes.contenttype", "pk": 3, "fields": {"app_label": "auth", "model": "group"}}, {"model": "contenttypes.contenttype", "pk": 4, "fields": {"app_label": "auth", "model": "user"}}, {"model": "contenttypes.contenttype", "pk": 5, "fields": {"app_label": "contenttypes", "model": "contenttype"}}, {"model": "contenttypes.contenttype", "pk": 6, "fields": {"app_label": "sessions", "model": "session"}}, {"model": "contenttypes.contenttype", "pk": 7, "fields": {"app_label": "api", "model": "category"}}, {"model": "contenttypes.contenttype", "pk": 8, "fields": {"app_label": "api", "model": "coupon"}}, {"model": "contenttypes.contenttype", "pk": 9, "fields": {"app_label": "api", "model": "make"}}, {"model": "contenttypes.contenttype", "pk": 10, "fields": {"app_label": "api", "model": "model"}}, {"model": "contenttypes.contenttype", "pk": 11, "fields": {"app_label": "api", "model": "order"}}, {"model": "contenttypes.contenttype", "pk": 12, "fields": {"app_label": "api", "model": "ordertoken"}}, {"model": "contenttypes.contenttype", "pk": 13, "fields": {"app_label": "api", "model": "profile"}}, {"model": "contenttypes.contenttype", "pk": 14, "fields": {"app_label": "api", "model": "year"}}, {"model": "contenttypes.contenttype", "pk": 15, "fields": {"app_label": "api", "model": "trim"}}, {"model": "contenttypes.contenttype", "pk": 16, "fields": {"app_label": "api", "model": "productdetail"}}, {"model": "contenttypes.contenttype", "pk": 17, "fields": {"app_label": "api", "model": "orderitem"}}, {"model": "contenttypes.contenttype", "pk": 18, "fields": {"app_label": "api", "model": "carddetail"}}, {"model": "contenttypes.contenttype", "pk": 19, "fields": {"app_label": "api", "model": "address"}}, {"model": "sessions.session", "pk": "x27ffngysk148lvx7yodsnb0ljyq3i4y", "fields": {"session_data": "NzczMzQwODFlYWYxNTJhNmUyNTQ1ZTdjYWJmNzA5MTQwMTg0Mjc5Yjp7Il9hdXRoX3VzZXJfaWQiOiIyIiwiX2F1dGhfdXNlcl9iYWNrZW5kIjoiZGphbmdvLmNvbnRyaWIuYXV0aC5iYWNrZW5kcy5Nb2RlbEJhY2tlbmQiLCJfYXV0aF91c2VyX2hhc2giOiI0OTg0MDhlNmEyZGJkZTRlMGEzMDNlZWQwZDEyZDYxNTkxMWNkMDgzIn0=", "expire_date": "2019-06-11T09:59:46.296Z"}}, {"model": "sessions.session", "pk": "xbnp9kebr19uxtwslejz8lkb9v9e9pdx", "fields": {"session_data": "ZjQ2MjU1NjZlMzNiYWRhZGRkMjIwMWFiMTQ5ZjU3NDU5NmY1YWQxMTp7Il9hdXRoX3VzZXJfaWQiOiIxIiwiX2F1dGhfdXNlcl9iYWNrZW5kIjoiZGphbmdvLmNvbnRyaWIuYXV0aC5iYWNrZW5kcy5Nb2RlbEJhY2tlbmQiLCJfYXV0aF91c2VyX2hhc2giOiI3NGM3ZjY4ODEzMmM4ZTNiMGU0ZjU0YWY5YTNmYjBiNDE2YTBmZmVjIn0=", "expire_date": "2019-06-10T05:48:39.813Z"}}, {"model": "api.profile", "pk": 1, "fields": {"email": "vikas@gmail.com", "phone": null}}, {"model": "api.profile", "pk": 2, "fields": {"email": "vikas@gmail.com", "phone": null}}, {"model": "api.profile", "pk": 3, "fields": {"email": "vikas@gmail.com", "phone": null}}, {"model": "api.profile", "pk": 4, "fields": {"email": "vikas@gmail.com", "phone": null}}, {"model": "api.profile", "pk": 5, "fields": {"email": "vikas@gmail.com", "phone": null}}, {"model": "api.profile", "pk": 6, "fields": {"email": "vikas@gmail.com", "phone": null}}, {"model": "api.profile", "pk": 7, "fields": {"email": "vikas@gmail.com", "phone": null}}, {"model": "api.profile", "pk": 8, "fields": {"email": "vikas@gmail.com", "phone": null}}, {"model": "api.year", "pk": 1, "fields": {"year": "2019-05-27"}}, {"model": "api.make", "pk": 1, "fields": {"make": "Acura", "year": 1}}, {"model": "api.make", "pk": 2, "fields": {"make": "Audi", "year": 1}}, {"model": "api.make", "pk": 3, "fields": {"make": "Alfa Romeo", "year": 1}}, {"model": "api.model", "pk": 1, "fields": {"model": "A3", "make": 2}}, {"model": "api.model", "pk": 2, "fields": {"model": "ILX", "make": 1}}, {"model": "api.model", "pk": 3, "fields": {"model": "MDX", "make": 1}}, {"model": "api.model", "pk": 4, "fields": {"model": "RDX", "make": 1}}, {"model": "api.model", "pk": 5, "fields": {"model": "TLX", "make": 1}}, {"model": "api.model", "pk": 6, "fields": {"model": "Giulia", "make": 3}}, {"model": "api.model", "pk": 7, "fields": {"model": "Giulia Quadrifoglio", "make": 3}}, {"model": "api.model", "pk": 8, "fields": {"model": "A5 Sportback", "make": 2}}, {"model": "api.trim", "pk": 1, "fields": {"trim": "Base", "description": "this is just description", "model": 2}}, {"model": "api.trim", "pk": 2, "fields": {"trim": "w/Premium", "description": "w/Premiumw/Premiumw/Premiumw/Premiumw/Premiumw/Premium", "model": 2}}, {"model": "api.trim", "pk": 3, "fields": {"trim": "Base", "description": "asasBaseBaseBaseBaseBase", "model": 3}}, {"model": "api.trim", "pk": 4, "fields": {"trim": "SH-AWD Sport Hybrid w/Advance", "description": "SH-AWD Sport Hybrid w/AdvanceSH-AWD Sport Hybrid w/AdvanceSH-AWD Sport Hybrid w/AdvanceSH-AWD Sport Hybrid w/Advance", "model": 3}}, {"model": "api.trim", "pk": 5, "fields": {"trim": "SH-AWD w/Advance w/RES", "description": "SH-AWD w/Advance w/RESSH-AWD w/Advance w/RESSH-AWD w/Advance w/RESSH-AWD w/Advance w/RES", "model": 3}}, {"model": "api.trim", "pk": 6, "fields": {"trim": "Base", "description": "BaseBaseBaseBase", "model": 4}}, {"model": "api.trim", "pk": 7, "fields": {"trim": "SH-AWD", "description": "SH-AWDSH-AWDSH-AWDSH-AWD", "model": 4}}, {"model": "api.trim", "pk": 8, "fields": {"trim": "SH-AWD V6 w/Advance", "description": "SH-AWD V6 w/AdvanceSH-AWD V6 w/AdvanceSH-AWD V6 w/AdvanceSH-AWD V6 w/Advance", "model": 5}}, {"model": "api.trim", "pk": 9, "fields": {"trim": "Base", "description": "BaseBaseBaseBaseBase", "model": 6}}, {"model": "api.trim", "pk": 10, "fields": {"trim": "Ti Lusso", "description": "Ti LussoTi LussoTi LussoTi Lusso", "model": 6}}, {"model": "api.trim", "pk": 11, "fields": {"trim": "Base", "description": "BaseBaseBaseBaseBase", "model": 7}}, {"model": "api.trim", "pk": 12, "fields": {"trim": "2.0T Premium", "description": "2.0T Premium2.0T Premium2.0T Premium2.0T Premium2.0T Premium", "model": 1}}, {"model": "api.trim", "pk": 13, "fields": {"trim": "2.0T quattro Premium", "description": "<p>2.0T quattro Premium2.0T quattro Premium2.0T quattro Premium2.0T quattro Premium2.0T quattro Premium<img alt=\"just a tesxt\" src=\"/media/products/2019/05/27/screenshot-from-2019-05-24-10-06-33.png\" style=\"float:right; height:110px; width:100px\" /></p>", "model": 8}}, {"model": "api.category", "pk": 1, "fields": {"name": "excess wear and tear", "description": "excess wear and tearexcess wear and tearexcess wear and tearexcess wear and tearexcess wear and tearexcess wear and tearexcess wear and tear", "image": "category/pexels-photo-170811.jpeg"}}, {"model": "api.category", "pk": 2, "fields": {"name": "ROAD key replacement", "description": "ROAD key replacementROAD key replacementROAD key replacementROAD key replacementROAD key replacement", "image": "category/31-500x500.jpg"}}, {"model": "api.category", "pk": 3, "fields": {"name": "3-in-1", "description": "3-in-13-in-13-in-13-in-1", "image": "category/Screenshot_from_2019-05-24_10-06-33.png"}}, {"model": "api.category", "pk": 4, "fields": {"name": "tire and wheel", "description": "tire and wheeltire and wheeltire and wheeltire and wheeltire and wheel", "image": "category/31-500x500_W5kJuso.jpg"}}, {"model": "api.productdetail", "pk": 1, "fields": {"trim": 1, "category": 1, "price": 1111}}, {"model": "api.productdetail", "pk": 2, "fields": {"trim": 1, "category": 2, "price": 2222}}, {"model": "api.productdetail", "pk": 3, "fields": {"trim": 1, "category": 3, "price": 2222}}, {"model": "api.productdetail", "pk": 4, "fields": {"trim": 1, "category": 3, "price": 333}}, {"model": "api.productdetail", "pk": 5, "fields": {"trim": 1, "category": 4, "price": 4444}}, {"model": "api.productdetail", "pk": 6, "fields": {"trim": 2, "category": 1, "price": 1111}}, {"model": "api.productdetail", "pk": 7, "fields": {"trim": 2, "category": 2, "price": 2222}}, {"model": "api.productdetail", "pk": 8, "fields": {"trim": 2, "category": 3, "price": 3333}}, {"model": "api.productdetail", "pk": 9, "fields": {"trim": 2, "category": 4, "price": 4444}}, {"model": "api.order", "pk": 1, "fields": {"orderId": "5cf82c66-4c46-412c-bd7a-80b4a6ef5279", "totalPrice": 6999, "finalPrice": 6999, "status": false, "date": "2019-05-27T08:00:21.894Z", "coupon": null, "profile": null}}, {"model": "api.order", "pk": 2, "fields": {"orderId": "347d8a06-d478-4a55-b6cb-a85b87c43111", "totalPrice": 4444, "finalPrice": 4444, "status": false, "date": "2019-05-28T09:44:24.388Z", "coupon": null, "profile": null}}, {"model": "api.order", "pk": 3, "fields": {"orderId": "71e3d82c-2c57-4d50-ada9-9f3f3d467f6f", "totalPrice": 4444, "finalPrice": 4444, "status": false, "date": "2019-05-28T09:45:03.420Z", "coupon": null, "profile": null}}, {"model": "api.order", "pk": 4, "fields": {"orderId": "2fac81cf-ff0d-435c-8916-2a920e87e11c", "totalPrice": 4444, "finalPrice": 4444, "status": false, "date": "2019-05-28T09:45:13.900Z", "coupon": null, "profile": null}}, {"model": "api.order", "pk": 5, "fields": {"orderId": "9f568fc4-2061-4454-a146-3d5c1347d36a", "totalPrice": 4444, "finalPrice": 4444, "status": false, "date": "2019-05-28T09:45:24.212Z", "coupon": null, "profile": null}}, {"model": "api.order", "pk": 6, "fields": {"orderId": "8203be78-b8b0-49ec-b0c8-a6e4a1b42573", "totalPrice": 4444, "finalPrice": 4444, "status": false, "date": "2019-05-28T09:45:41.833Z", "coupon": null, "profile": null}}, {"model": "api.order", "pk": 7, "fields": {"orderId": "f59084a7-4ace-47b6-b2f8-57add2b478d1", "totalPrice": 6999, "finalPrice": 6999, "status": false, "date": "2019-05-28T09:47:23.080Z", "coupon": null, "profile": null}}, {"model": "api.order", "pk": 8, "fields": {"orderId": "1cb03871-6345-467b-80ec-ddc835c25071", "totalPrice": 6999, "finalPrice": 6999, "status": false, "date": "2019-05-28T09:47:40.501Z", "coupon": null, "profile": null}}, {"model": "api.order", "pk": 9, "fields": {"orderId": "e6e6a602-96d8-4cd1-a49c-0899f6aeafa2", "totalPrice": 6999, "finalPrice": 6999, "status": false, "date": "2019-05-28T09:47:59.863Z", "coupon": null, "profile": null}}, {"model": "api.order", "pk": 10, "fields": {"orderId": "7e33a8d6-b1d6-4b77-9f48-854d0fc63fdf", "totalPrice": 6999, "finalPrice": 6999, "status": false, "date": "2019-05-28T09:48:22.158Z", "coupon": null, "profile": null}}, {"model": "api.order", "pk": 11, "fields": {"orderId": "8788b615-6cf7-4f1c-93b4-f309d116fc5a", "totalPrice": 8110, "finalPrice": 8110, "status": true, "date": "2019-05-28T09:48:31.928Z", "coupon": null, "profile": 8}}, {"model": "api.orderitem", "pk": 2, "fields": {"order": 1, "product": 4, "transaction_id": null}}, {"model": "api.orderitem", "pk": 5, "fields": {"order": 1, "product": 2, "transaction_id": null}}, {"model": "api.orderitem", "pk": 6, "fields": {"order": 2, "product": 5, "transaction_id": null}}, {"model": "api.orderitem", "pk": 7, "fields": {"order": 3, "product": 5, "transaction_id": null}}, {"model": "api.orderitem", "pk": 8, "fields": {"order": 4, "product": 5, "transaction_id": null}}, {"model": "api.orderitem", "pk": 9, "fields": {"order": 5, "product": 5, "transaction_id": null}}, {"model": "api.orderitem", "pk": 10, "fields": {"order": 6, "product": 5, "transaction_id": null}}, {"model": "api.orderitem", "pk": 12, "fields": {"order": 7, "product": 4, "transaction_id": null}}, {"model": "api.orderitem", "pk": 13, "fields": {"order": 7, "product": 5, "transaction_id": null}}, {"model": "api.orderitem", "pk": 15, "fields": {"order": 8, "product": 4, "transaction_id": null}}, {"model": "api.orderitem", "pk": 16, "fields": {"order": 8, "product": 5, "transaction_id": null}}, {"model": "api.orderitem", "pk": 18, "fields": {"order": 9, "product": 4, "transaction_id": null}}, {"model": "api.orderitem", "pk": 19, "fields": {"order": 9, "product": 5, "transaction_id": null}}, {"model": "api.orderitem", "pk": 21, "fields": {"order": 10, "product": 4, "transaction_id": null}}, {"model": "api.orderitem", "pk": 22, "fields": {"order": 10, "product": 5, "transaction_id": null}}, {"model": "api.orderitem", "pk": 24, "fields": {"order": 11, "product": 4, "transaction_id": "1231231231"}}, {"model": "api.orderitem", "pk": 25, "fields": {"order": 11, "product": 5, "transaction_id": "1231231231"}}, {"model": "api.orderitem", "pk": 26, "fields": {"order": 11, "product": 6, "transaction_id": "1231231231"}}, {"model": "api.orderitem", "pk": 27, "fields": {"order": 11, "product": 3, "transaction_id": "1231231231"}}, {"model": "auth.permission", "pk": 1, "fields": {"name": "Can add log entry", "content_type": 1, "codename": "add_logentry"}}, {"model": "auth.permission", "pk": 2, "fields": {"name": "Can change log entry", "content_type": 1, "codename": "change_logentry"}}, {"model": "auth.permission", "pk": 3, "fields": {"name": "Can delete log entry", "content_type": 1, "codename": "delete_logentry"}}, {"model": "auth.permission", "pk": 4, "fields": {"name": "Can view log entry", "content_type": 1, "codename": "view_logentry"}}, {"model": "auth.permission", "pk": 5, "fields": {"name": "Can add permission", "content_type": 2, "codename": "add_permission"}}, {"model": "auth.permission", "pk": 6, "fields": {"name": "Can change permission", "content_type": 2, "codename": "change_permission"}}, {"model": "auth.permission", "pk": 7, "fields": {"name": "Can delete permission", "content_type": 2, "codename": "delete_permission"}}, {"model": "auth.permission", "pk": 8, "fields": {"name": "Can view permission", "content_type": 2, "codename": "view_permission"}}, {"model": "auth.permission", "pk": 9, "fields": {"name": "Can add group", "content_type": 3, "codename": "add_group"}}, {"model": "auth.permission", "pk": 10, "fields": {"name": "Can change group", "content_type": 3, "codename": "change_group"}}, {"model": "auth.permission", "pk": 11, "fields": {"name": "Can delete group", "content_type": 3, "codename": "delete_group"}}, {"model": "auth.permission", "pk": 12, "fields": {"name": "Can view group", "content_type": 3, "codename": "view_group"}}, {"model": "auth.permission", "pk": 13, "fields": {"name": "Can add user", "content_type": 4, "codename": "add_user"}}, {"model": "auth.permission", "pk": 14, "fields": {"name": "Can change user", "content_type": 4, "codename": "change_user"}}, {"model": "auth.permission", "pk": 15, "fields": {"name": "Can delete user", "content_type": 4, "codename": "delete_user"}}, {"model": "auth.permission", "pk": 16, "fields": {"name": "Can view user", "content_type": 4, "codename": "view_user"}}, {"model": "auth.permission", "pk": 17, "fields": {"name": "Can add content type", "content_type": 5, "codename": "add_contenttype"}}, {"model": "auth.permission", "pk": 18, "fields": {"name": "Can change content type", "content_type": 5, "codename": "change_contenttype"}}, {"model": "auth.permission", "pk": 19, "fields": {"name": "Can delete content type", "content_type": 5, "codename": "delete_contenttype"}}, {"model": "auth.permission", "pk": 20, "fields": {"name": "Can view content type", "content_type": 5, "codename": "view_contenttype"}}, {"model": "auth.permission", "pk": 21, "fields": {"name": "Can add session", "content_type": 6, "codename": "add_session"}}, {"model": "auth.permission", "pk": 22, "fields": {"name": "Can change session", "content_type": 6, "codename": "change_session"}}, {"model": "auth.permission", "pk": 23, "fields": {"name": "Can delete session", "content_type": 6, "codename": "delete_session"}}, {"model": "auth.permission", "pk": 24, "fields": {"name": "Can view session", "content_type": 6, "codename": "view_session"}}, {"model": "auth.permission", "pk": 25, "fields": {"name": "Can add category", "content_type": 7, "codename": "add_category"}}, {"model": "auth.permission", "pk": 26, "fields": {"name": "Can change category", "content_type": 7, "codename": "change_category"}}, {"model": "auth.permission", "pk": 27, "fields": {"name": "Can delete category", "content_type": 7, "codename": "delete_category"}}, {"model": "auth.permission", "pk": 28, "fields": {"name": "Can view category", "content_type": 7, "codename": "view_category"}}, {"model": "auth.permission", "pk": 29, "fields": {"name": "Can add coupon", "content_type": 8, "codename": "add_coupon"}}, {"model": "auth.permission", "pk": 30, "fields": {"name": "Can change coupon", "content_type": 8, "codename": "change_coupon"}}, {"model": "auth.permission", "pk": 31, "fields": {"name": "Can delete coupon", "content_type": 8, "codename": "delete_coupon"}}, {"model": "auth.permission", "pk": 32, "fields": {"name": "Can view coupon", "content_type": 8, "codename": "view_coupon"}}, {"model": "auth.permission", "pk": 33, "fields": {"name": "Can add make", "content_type": 9, "codename": "add_make"}}, {"model": "auth.permission", "pk": 34, "fields": {"name": "Can change make", "content_type": 9, "codename": "change_make"}}, {"model": "auth.permission", "pk": 35, "fields": {"name": "Can delete make", "content_type": 9, "codename": "delete_make"}}, {"model": "auth.permission", "pk": 36, "fields": {"name": "Can view make", "content_type": 9, "codename": "view_make"}}, {"model": "auth.permission", "pk": 37, "fields": {"name": "Can add model", "content_type": 10, "codename": "add_model"}}, {"model": "auth.permission", "pk": 38, "fields": {"name": "Can change model", "content_type": 10, "codename": "change_model"}}, {"model": "auth.permission", "pk": 39, "fields": {"name": "Can delete model", "content_type": 10, "codename": "delete_model"}}, {"model": "auth.permission", "pk": 40, "fields": {"name": "Can view model", "content_type": 10, "codename": "view_model"}}, {"model": "auth.permission", "pk": 41, "fields": {"name": "Can add order", "content_type": 11, "codename": "add_order"}}, {"model": "auth.permission", "pk": 42, "fields": {"name": "Can change order", "content_type": 11, "codename": "change_order"}}, {"model": "auth.permission", "pk": 43, "fields": {"name": "Can delete order", "content_type": 11, "codename": "delete_order"}}, {"model": "auth.permission", "pk": 44, "fields": {"name": "Can view order", "content_type": 11, "codename": "view_order"}}, {"model": "auth.permission", "pk": 45, "fields": {"name": "Can add order token", "content_type": 12, "codename": "add_ordertoken"}}, {"model": "auth.permission", "pk": 46, "fields": {"name": "Can change order token", "content_type": 12, "codename": "change_ordertoken"}}, {"model": "auth.permission", "pk": 47, "fields": {"name": "Can delete order token", "content_type": 12, "codename": "delete_ordertoken"}}, {"model": "auth.permission", "pk": 48, "fields": {"name": "Can view order token", "content_type": 12, "codename": "view_ordertoken"}}, {"model": "auth.permission", "pk": 49, "fields": {"name": "Can add profile", "content_type": 13, "codename": "add_profile"}}, {"model": "auth.permission", "pk": 50, "fields": {"name": "Can change profile", "content_type": 13, "codename": "change_profile"}}, {"model": "auth.permission", "pk": 51, "fields": {"name": "Can delete profile", "content_type": 13, "codename": "delete_profile"}}, {"model": "auth.permission", "pk": 52, "fields": {"name": "Can view profile", "content_type": 13, "codename": "view_profile"}}, {"model": "auth.permission", "pk": 53, "fields": {"name": "Can add year", "content_type": 14, "codename": "add_year"}}, {"model": "auth.permission", "pk": 54, "fields": {"name": "Can change year", "content_type": 14, "codename": "change_year"}}, {"model": "auth.permission", "pk": 55, "fields": {"name": "Can delete year", "content_type": 14, "codename": "delete_year"}}, {"model": "auth.permission", "pk": 56, "fields": {"name": "Can view year", "content_type": 14, "codename": "view_year"}}, {"model": "auth.permission", "pk": 57, "fields": {"name": "Can add trim", "content_type": 15, "codename": "add_trim"}}, {"model": "auth.permission", "pk": 58, "fields": {"name": "Can change trim", "content_type": 15, "codename": "change_trim"}}, {"model": "auth.permission", "pk": 59, "fields": {"name": "Can delete trim", "content_type": 15, "codename": "delete_trim"}}, {"model": "auth.permission", "pk": 60, "fields": {"name": "Can view trim", "content_type": 15, "codename": "view_trim"}}, {"model": "auth.permission", "pk": 61, "fields": {"name": "Can add product detail", "content_type": 16, "codename": "add_productdetail"}}, {"model": "auth.permission", "pk": 62, "fields": {"name": "Can change product detail", "content_type": 16, "codename": "change_productdetail"}}, {"model": "auth.permission", "pk": 63, "fields": {"name": "Can delete product detail", "content_type": 16, "codename": "delete_productdetail"}}, {"model": "auth.permission", "pk": 64, "fields": {"name": "Can view product detail", "content_type": 16, "codename": "view_productdetail"}}, {"model": "auth.permission", "pk": 65, "fields": {"name": "Can add order item", "content_type": 17, "codename": "add_orderitem"}}, {"model": "auth.permission", "pk": 66, "fields": {"name": "Can change order item", "content_type": 17, "codename": "change_orderitem"}}, {"model": "auth.permission", "pk": 67, "fields": {"name": "Can delete order item", "content_type": 17, "codename": "delete_orderitem"}}, {"model": "auth.permission", "pk": 68, "fields": {"name": "Can view order item", "content_type": 17, "codename": "view_orderitem"}}, {"model": "auth.permission", "pk": 69, "fields": {"name": "Can add card detail", "content_type": 18, "codename": "add_carddetail"}}, {"model": "auth.permission", "pk": 70, "fields": {"name": "Can change card detail", "content_type": 18, "codename": "change_carddetail"}}, {"model": "auth.permission", "pk": 71, "fields": {"name": "Can delete card detail", "content_type": 18, "codename": "delete_carddetail"}}, {"model": "auth.permission", "pk": 72, "fields": {"name": "Can view card detail", "content_type": 18, "codename": "view_carddetail"}}, {"model": "auth.permission", "pk": 73, "fields": {"name": "Can add address", "content_type": 19, "codename": "add_address"}}, {"model": "auth.permission", "pk": 74, "fields": {"name": "Can change address", "content_type": 19, "codename": "change_address"}}, {"model": "auth.permission", "pk": 75, "fields": {"name": "Can delete address", "content_type": 19, "codename": "delete_address"}}, {"model": "auth.permission", "pk": 76, "fields": {"name": "Can view address", "content_type": 19, "codename": "view_address"}}, {"model": "auth.user", "pk": 1, "fields": {"password": "pbkdf2_sha256$150000$rIkZoWQLG991$mucQXuJC1oOhDagQQZzArMxxzq5OUCUtZqiyttJxWtE=", "last_login": "2019-05-27T05:48:39.713Z", "is_superuser": true, "username": "admin", "first_name": "", "last_name": "", "email": "", "is_staff": true, "is_active": true, "date_joined": "2019-05-27T05:44:56.688Z", "groups": [], "user_permissions": []}}, {"model": "auth.user", "pk": 2, "fields": {"password": "pbkdf2_sha256$150000$1eBvfdSDG9DT$LzJCYiN7mNPj3DE+uVlsVlwnuqCdWvY39KFntg6Ou/w=", "last_login": "2019-05-28T09:59:46.187Z", "is_superuser": true, "username": "rodo", "first_name": "", "last_name": "", "email": "", "is_staff": true, "is_active": true, "date_joined": "2019-05-28T09:59:36.195Z", "groups": [], "user_permissions": []}}, {"model": "admin.logentry", "pk": 1, "fields": {"action_time": "2019-05-27T05:48:48.964Z", "user": 1, "content_type": 14, "object_id": "1", "object_repr": "2019-05-27", "action_flag": 1, "change_message": "[{\"added\": {}}]"}}, {"model": "admin.logentry", "pk": 2, "fields": {"action_time": "2019-05-27T05:49:21.835Z", "user": 1, "content_type": 9, "object_id": "1", "object_repr": "Acura | 2019-05-27", "action_flag": 1, "change_message": "[{\"added\": {}}]"}}, {"model": "admin.logentry", "pk": 3, "fields": {"action_time": "2019-05-27T05:49:28.284Z", "user": 1, "content_type": 9, "object_id": "2", "object_repr": "Audi | 2019-05-27", "action_flag": 1, "change_message": "[{\"added\": {}}]"}}, {"model": "admin.logentry", "pk": 4, "fields": {"action_time": "2019-05-27T05:49:33.987Z", "user": 1, "content_type": 9, "object_id": "3", "object_repr": "Alfa Romeo | 2019-05-27", "action_flag": 1, "change_message": "[{\"added\": {}}]"}}, {"model": "admin.logentry", "pk": 5, "fields": {"action_time": "2019-05-27T05:50:01.327Z", "user": 1, "content_type": 10, "object_id": "1", "object_repr": "A3 | Audi", "action_flag": 1, "change_message": "[{\"added\": {}}]"}}, {"model": "admin.logentry", "pk": 6, "fields": {"action_time": "2019-05-27T05:51:35.504Z", "user": 1, "content_type": 10, "object_id": "2", "object_repr": "ILX | Acura", "action_flag": 1, "change_message": "[{\"added\": {}}]"}}, {"model": "admin.logentry", "pk": 7, "fields": {"action_time": "2019-05-27T05:51:41.762Z", "user": 1, "content_type": 10, "object_id": "3", "object_repr": "MDX | Acura", "action_flag": 1, "change_message": "[{\"added\": {}}]"}}, {"model": "admin.logentry", "pk": 8, "fields": {"action_time": "2019-05-27T05:51:49.723Z", "user": 1, "content_type": 10, "object_id": "4", "object_repr": "RDX | Acura", "action_flag": 1, "change_message": "[{\"added\": {}}]"}}, {"model": "admin.logentry", "pk": 9, "fields": {"action_time": "2019-05-27T05:51:59.432Z", "user": 1, "content_type": 10, "object_id": "5", "object_repr": "TLX | Acura", "action_flag": 1, "change_message": "[{\"added\": {}}]"}}, {"model": "admin.logentry", "pk": 10, "fields": {"action_time": "2019-05-27T05:52:10.787Z", "user": 1, "content_type": 10, "object_id": "6", "object_repr": "Giulia | Alfa Romeo", "action_flag": 1, "change_message": "[{\"added\": {}}]"}}, {"model": "admin.logentry", "pk": 11, "fields": {"action_time": "2019-05-27T05:52:19.803Z", "user": 1, "content_type": 10, "object_id": "7", "object_repr": "Giulia Quadrifoglio | Alfa Romeo", "action_flag": 1, "change_message": "[{\"added\": {}}]"}}, {"model": "admin.logentry", "pk": 12, "fields": {"action_time": "2019-05-27T05:52:34.875Z", "user": 1, "content_type": 10, "object_id": "8", "object_repr": "A5 Sportback | Audi", "action_flag": 1, "change_message": "[{\"added\": {}}]"}}, {"model": "admin.logentry", "pk": 13, "fields": {"action_time": "2019-05-27T05:53:23.513Z", "user": 1, "content_type": 15, "object_id": "1", "object_repr": "Base | ILX", "action_flag": 1, "change_message": "[{\"added\": {}}]"}}, {"model": "admin.logentry", "pk": 14, "fields": {"action_time": "2019-05-27T05:53:35.760Z", "user": 1, "content_type": 15, "object_id": "2", "object_repr": "w/Premium | ILX", "action_flag": 1, "change_message": "[{\"added\": {}}]"}}, {"model": "admin.logentry", "pk": 15, "fields": {"action_time": "2019-05-27T05:53:52.117Z", "user": 1, "content_type": 15, "object_id": "3", "object_repr": "Base | MDX", "action_flag": 1, "change_message": "[{\"added\": {}}]"}}, {"model": "admin.logentry", "pk": 16, "fields": {"action_time": "2019-05-27T05:54:12.892Z", "user": 1, "content_type": 15, "object_id": "4", "object_repr": "SH-AWD Sport Hybrid w/Advance | MDX", "action_flag": 1, "change_message": "[{\"added\": {}}]"}}, {"model": "admin.logentry", "pk": 17, "fields": {"action_time": "2019-05-27T05:54:25.508Z", "user": 1, "content_type": 15, "object_id": "5", "object_repr": "SH-AWD w/Advance w/RES | MDX", "action_flag": 1, "change_message": "[{\"added\": {}}]"}}, {"model": "admin.logentry", "pk": 18, "fields": {"action_time": "2019-05-27T05:54:41.714Z", "user": 1, "content_type": 15, "object_id": "6", "object_repr": "Base | RDX", "action_flag": 1, "change_message": "[{\"added\": {}}]"}}, {"model": "admin.logentry", "pk": 19, "fields": {"action_time": "2019-05-27T05:54:55.927Z", "user": 1, "content_type": 15, "object_id": "7", "object_repr": "SH-AWD | RDX", "action_flag": 1, "change_message": "[{\"added\": {}}]"}}, {"model": "admin.logentry", "pk": 20, "fields": {"action_time": "2019-05-27T05:55:08.570Z", "user": 1, "content_type": 15, "object_id": "8", "object_repr": "SH-AWD V6 w/Advance | TLX", "action_flag": 1, "change_message": "[{\"added\": {}}]"}}, {"model": "admin.logentry", "pk": 21, "fields": {"action_time": "2019-05-27T05:55:17.925Z", "user": 1, "content_type": 15, "object_id": "9", "object_repr": "Base | Giulia", "action_flag": 1, "change_message": "[{\"added\": {}}]"}}, {"model": "admin.logentry", "pk": 22, "fields": {"action_time": "2019-05-27T05:55:31.725Z", "user": 1, "content_type": 15, "object_id": "10", "object_repr": "Ti Lusso | Giulia", "action_flag": 1, "change_message": "[{\"added\": {}}]"}}, {"model": "admin.logentry", "pk": 23, "fields": {"action_time": "2019-05-27T05:55:41.598Z", "user": 1, "content_type": 15, "object_id": "11", "object_repr": "Base | Giulia Quadrifoglio", "action_flag": 1, "change_message": "[{\"added\": {}}]"}}, {"model": "admin.logentry", "pk": 24, "fields": {"action_time": "2019-05-27T05:55:56.555Z", "user": 1, "content_type": 15, "object_id": "12", "object_repr": "2.0T Premium | A3", "action_flag": 1, "change_message": "[{\"added\": {}}]"}}, {"model": "admin.logentry", "pk": 25, "fields": {"action_time": "2019-05-27T05:56:06.843Z", "user": 1, "content_type": 15, "object_id": "13", "object_repr": "2.0T quattro Premium | A5 Sportback", "action_flag": 1, "change_message": "[{\"added\": {}}]"}}, {"model": "admin.logentry", "pk": 26, "fields": {"action_time": "2019-05-27T05:57:15.452Z", "user": 1, "content_type": 7, "object_id": "1", "object_repr": "excess wear and tear", "action_flag": 1, "change_message": "[{\"added\": {}}]"}}, {"model": "admin.logentry", "pk": 27, "fields": {"action_time": "2019-05-27T05:58:01.460Z", "user": 1, "content_type": 7, "object_id": "2", "object_repr": "ROAD key replacement", "action_flag": 1, "change_message": "[{\"added\": {}}]"}}, {"model": "admin.logentry", "pk": 28, "fields": {"action_time": "2019-05-27T05:58:24.757Z", "user": 1, "content_type": 7, "object_id": "3", "object_repr": "3-in-1", "action_flag": 1, "change_message": "[{\"added\": {}}]"}}, {"model": "admin.logentry", "pk": 29, "fields": {"action_time": "2019-05-27T05:58:44.778Z", "user": 1, "content_type": 7, "object_id": "4", "object_repr": "tire and wheel", "action_flag": 1, "change_message": "[{\"added\": {}}]"}}, {"model": "admin.logentry", "pk": 30, "fields": {"action_time": "2019-05-27T06:00:02.769Z", "user": 1, "content_type": 7, "object_id": "1", "object_repr": "excess wear and tear", "action_flag": 2, "change_message": "[{\"changed\": {\"fields\": [\"image\"]}}]"}}, {"model": "admin.logentry", "pk": 31, "fields": {"action_time": "2019-05-27T06:00:11.212Z", "user": 1, "content_type": 7, "object_id": "2", "object_repr": "ROAD key replacement", "action_flag": 2, "change_message": "[{\"changed\": {\"fields\": [\"image\"]}}]"}}, {"model": "admin.logentry", "pk": 32, "fields": {"action_time": "2019-05-27T06:00:20.384Z", "user": 1, "content_type": 7, "object_id": "3", "object_repr": "3-in-1", "action_flag": 2, "change_message": "[{\"changed\": {\"fields\": [\"image\"]}}]"}}, {"model": "admin.logentry", "pk": 33, "fields": {"action_time": "2019-05-27T06:00:26.189Z", "user": 1, "content_type": 7, "object_id": "4", "object_repr": "tire and wheel", "action_flag": 2, "change_message": "[{\"changed\": {\"fields\": [\"image\"]}}]"}}, {"model": "admin.logentry", "pk": 34, "fields": {"action_time": "2019-05-27T06:44:56.521Z", "user": 1, "content_type": 16, "object_id": "1", "object_repr": "Base | 1111 | excess wear and tear", "action_flag": 1, "change_message": "[{\"added\": {}}]"}}, {"model": "admin.logentry", "pk": 35, "fields": {"action_time": "2019-05-27T06:45:03.644Z", "user": 1, "content_type": 16, "object_id": "2", "object_repr": "Base | 2222 | ROAD key replacement", "action_flag": 1, "change_message": "[{\"added\": {}}]"}}, {"model": "admin.logentry", "pk": 36, "fields": {"action_time": "2019-05-27T06:45:10.238Z", "user": 1, "content_type": 16, "object_id": "3", "object_repr": "Base | 2222 | 3-in-1", "action_flag": 1, "change_message": "[{\"added\": {}}]"}}, {"model": "admin.logentry", "pk": 37, "fields": {"action_time": "2019-05-27T06:45:17.173Z", "user": 1, "content_type": 16, "object_id": "4", "object_repr": "Base | 333 | 3-in-1", "action_flag": 1, "change_message": "[{\"added\": {}}]"}}, {"model": "admin.logentry", "pk": 38, "fields": {"action_time": "2019-05-27T06:45:26.224Z", "user": 1, "content_type": 16, "object_id": "5", "object_repr": "Base | 4444 | tire and wheel", "action_flag": 1, "change_message": "[{\"added\": {}}]"}}, {"model": "admin.logentry", "pk": 39, "fields": {"action_time": "2019-05-27T06:45:33.005Z", "user": 1, "content_type": 16, "object_id": "6", "object_repr": "w/Premium | 1111 | excess wear and tear", "action_flag": 1, "change_message": "[{\"added\": {}}]"}}, {"model": "admin.logentry", "pk": 40, "fields": {"action_time": "2019-05-27T06:45:41.329Z", "user": 1, "content_type": 16, "object_id": "7", "object_repr": "w/Premium | 2222 | ROAD key replacement", "action_flag": 1, "change_message": "[{\"added\": {}}]"}}, {"model": "admin.logentry", "pk": 41, "fields": {"action_time": "2019-05-27T06:45:50.090Z", "user": 1, "content_type": 16, "object_id": "8", "object_repr": "w/Premium | 3333 | 3-in-1", "action_flag": 1, "change_message": "[{\"added\": {}}]"}}, {"model": "admin.logentry", "pk": 42, "fields": {"action_time": "2019-05-27T06:45:57.026Z", "user": 1, "content_type": 16, "object_id": "9", "object_repr": "w/Premium | 4444 | tire and wheel", "action_flag": 1, "change_message": "[{\"added\": {}}]"}}, {"model": "admin.logentry", "pk": 43, "fields": {"action_time": "2019-05-27T07:29:33.459Z", "user": 1, "content_type": 15, "object_id": "13", "object_repr": "2.0T quattro Premium | A5 Sportback", "action_flag": 2, "change_message": "[{\"changed\": {\"fields\": [\"description\"]}}]"}}, {"model": "admin.logentry", "pk": 44, "fields": {"action_time": "2019-05-27T07:34:42.258Z", "user": 1, "content_type": 15, "object_id": "13", "object_repr": "2.0T quattro Premium | A5 Sportback", "action_flag": 2, "change_message": "[{\"changed\": {\"fields\": [\"description\"]}}]"}}]