[{"model": "contenttypes.contenttype", "pk": 1, "fields": {"app_label": "admin", "model": "logentry"}}, {"model": "contenttypes.contenttype", "pk": 2, "fields": {"app_label": "auth", "model": "permission"}}, {"model": "contenttypes.contenttype", "pk": 3, "fields": {"app_label": "auth", "model": "group"}}, {"model": "contenttypes.contenttype", "pk": 4, "fields": {"app_label": "auth", "model": "user"}}, {"model": "contenttypes.contenttype", "pk": 5, "fields": {"app_label": "contenttypes", "model": "contenttype"}}, {"model": "contenttypes.contenttype", "pk": 6, "fields": {"app_label": "sessions", "model": "session"}}, {"model": "contenttypes.contenttype", "pk": 7, "fields": {"app_label": "api", "model": "address"}}, {"model": "contenttypes.contenttype", "pk": 8, "fields": {"app_label": "api", "model": "carddetail"}}, {"model": "contenttypes.contenttype", "pk": 9, "fields": {"app_label": "api", "model": "category"}}, {"model": "contenttypes.contenttype", "pk": 10, "fields": {"app_label": "api", "model": "coupon"}}, {"model": "contenttypes.contenttype", "pk": 11, "fields": {"app_label": "api", "model": "leaseterm"}}, {"model": "contenttypes.contenttype", "pk": 12, "fields": {"app_label": "api", "model": "make"}}, {"model": "contenttypes.contenttype", "pk": 13, "fields": {"app_label": "api", "model": "metacontent"}}, {"model": "contenttypes.contenttype", "pk": 14, "fields": {"app_label": "api", "model": "model"}}, {"model": "contenttypes.contenttype", "pk": 15, "fields": {"app_label": "api", "model": "order"}}, {"model": "contenttypes.contenttype", "pk": 16, "fields": {"app_label": "api", "model": "orderitem"}}, {"model": "contenttypes.contenttype", "pk": 17, "fields": {"app_label": "api", "model": "productdetail"}}, {"model": "contenttypes.contenttype", "pk": 18, "fields": {"app_label": "api", "model": "profile"}}, {"model": "contenttypes.contenttype", "pk": 19, "fields": {"app_label": "api", "model": "trim"}}, {"model": "contenttypes.contenttype", "pk": 20, "fields": {"app_label": "api", "model": "vehicleinformation"}}, {"model": "contenttypes.contenttype", "pk": 21, "fields": {"app_label": "api", "model": "year"}}, {"model": "sessions.session", "pk": "4rxb9xfbl6wfg5o15h4kt26z7596cqxk", "fields": {"session_data": "YjgxYzVkNTU2NDBhNWFhMDQxMGU5MmRlN2JiZjBlNGM1NTEyNTRkNjp7Il9hdXRoX3VzZXJfaWQiOiIyIiwiX2F1dGhfdXNlcl9iYWNrZW5kIjoiZGphbmdvLmNvbnRyaWIuYXV0aC5iYWNrZW5kcy5Nb2RlbEJhY2tlbmQiLCJfYXV0aF91c2VyX2hhc2giOiI2NWRmMDU0M2RiNWUyZjcyNGJmZjBjOWUzNGJlODZlNWU4YjNkMzRhIn0=", "expire_date": "2019-07-07T05:51:15.571Z"}}, {"model": "sessions.session", "pk": "8wjfb3zzeakeubdgaie22tgj7kyati0b", "fields": {"session_data": "OGY0YTY5ZjFiNmJkNjkxODU0NTNkM2Q3ZjBjMGMzZDQ2Yzg2OWE4NTp7Il9hdXRoX3VzZXJfaWQiOiIxIiwiX2F1dGhfdXNlcl9iYWNrZW5kIjoiZGphbmdvLmNvbnRyaWIuYXV0aC5iYWNrZW5kcy5Nb2RlbEJhY2tlbmQiLCJfYXV0aF91c2VyX2hhc2giOiJjZGZjZjI5MzQ0N2I1MDI3ZDQwMDQ0MWVkZTA1MzM1ZmI5NjZiYTY4In0=", "expire_date": "2019-06-25T12:26:33.992Z"}}, {"model": "sessions.session", "pk": "a8qwmhvnzj71dwk6eusgqku9utpwcj2d", "fields": {"session_data": "OGMwYWU1ODI2MzgzNWU5OWVlZTkwN2I5YzQ2OTYzMzVlNWRhNjdhZDp7Il9hdXRoX3VzZXJfaWQiOiIzIiwiX2F1dGhfdXNlcl9iYWNrZW5kIjoiZGphbmdvLmNvbnRyaWIuYXV0aC5iYWNrZW5kcy5Nb2RlbEJhY2tlbmQiLCJfYXV0aF91c2VyX2hhc2giOiJhZDFkZWFjODlmM2YxMTQ4ZDhlYmEwNDIxNzRjNDc4ZmIxYzY0NmM3In0=", "expire_date": "2019-06-27T05:04:15.941Z"}}, {"model": "sessions.session", "pk": "amzni7wxkh3lr9ff3yev4mg344xmsn4k", "fields": {"session_data": "YjgxYzVkNTU2NDBhNWFhMDQxMGU5MmRlN2JiZjBlNGM1NTEyNTRkNjp7Il9hdXRoX3VzZXJfaWQiOiIyIiwiX2F1dGhfdXNlcl9iYWNrZW5kIjoiZGphbmdvLmNvbnRyaWIuYXV0aC5iYWNrZW5kcy5Nb2RlbEJhY2tlbmQiLCJfYXV0aF91c2VyX2hhc2giOiI2NWRmMDU0M2RiNWUyZjcyNGJmZjBjOWUzNGJlODZlNWU4YjNkMzRhIn0=", "expire_date": "2019-07-03T14:38:49.785Z"}}, {"model": "sessions.session", "pk": "apf3y7ojgayj2ft6awjpx55tjpljkfws", "fields": {"session_data": "NWI2NWNkYmZlNjI4MWFmNzA3MDM5NjUwNjNjNTQwMzE1ODRjZmUzYzp7Il9hdXRoX3VzZXJfaWQiOiI0IiwiX2F1dGhfdXNlcl9iYWNrZW5kIjoiZGphbmdvLmNvbnRyaWIuYXV0aC5iYWNrZW5kcy5Nb2RlbEJhY2tlbmQiLCJfYXV0aF91c2VyX2hhc2giOiJiNTI4ZGJiMzNmYjU4MGNmM2IwYzNhNjRiZTMxODJkN2RiNzVmMzNkIn0=", "expire_date": "2019-06-29T15:29:55.408Z"}}, {"model": "sessions.session", "pk": "bgv165p17tvboyevmhwnvh3lvn7mlt15", "fields": {"session_data": "YjgxYzVkNTU2NDBhNWFhMDQxMGU5MmRlN2JiZjBlNGM1NTEyNTRkNjp7Il9hdXRoX3VzZXJfaWQiOiIyIiwiX2F1dGhfdXNlcl9iYWNrZW5kIjoiZGphbmdvLmNvbnRyaWIuYXV0aC5iYWNrZW5kcy5Nb2RlbEJhY2tlbmQiLCJfYXV0aF91c2VyX2hhc2giOiI2NWRmMDU0M2RiNWUyZjcyNGJmZjBjOWUzNGJlODZlNWU4YjNkMzRhIn0=", "expire_date": "2019-06-25T13:54:32.553Z"}}, {"model": "sessions.session", "pk": "cotr6g5zdtw2f9fiu6vdsl8xtm42qvi7", "fields": {"session_data": "YjgxYzVkNTU2NDBhNWFhMDQxMGU5MmRlN2JiZjBlNGM1NTEyNTRkNjp7Il9hdXRoX3VzZXJfaWQiOiIyIiwiX2F1dGhfdXNlcl9iYWNrZW5kIjoiZGphbmdvLmNvbnRyaWIuYXV0aC5iYWNrZW5kcy5Nb2RlbEJhY2tlbmQiLCJfYXV0aF91c2VyX2hhc2giOiI2NWRmMDU0M2RiNWUyZjcyNGJmZjBjOWUzNGJlODZlNWU4YjNkMzRhIn0=", "expire_date": "2019-06-26T13:35:45.300Z"}}, {"model": "sessions.session", "pk": "d56qlfszck7q2kc5cyo9tqkewodh1r9w", "fields": {"session_data": "YjgxYzVkNTU2NDBhNWFhMDQxMGU5MmRlN2JiZjBlNGM1NTEyNTRkNjp7Il9hdXRoX3VzZXJfaWQiOiIyIiwiX2F1dGhfdXNlcl9iYWNrZW5kIjoiZGphbmdvLmNvbnRyaWIuYXV0aC5iYWNrZW5kcy5Nb2RlbEJhY2tlbmQiLCJfYXV0aF91c2VyX2hhc2giOiI2NWRmMDU0M2RiNWUyZjcyNGJmZjBjOWUzNGJlODZlNWU4YjNkMzRhIn0=", "expire_date": "2019-07-05T05:42:49.512Z"}}, {"model": "sessions.session", "pk": "f42luagk0hhu9qcs9zjdttnip9e3thge", "fields": {"session_data": "NWI2NWNkYmZlNjI4MWFmNzA3MDM5NjUwNjNjNTQwMzE1ODRjZmUzYzp7Il9hdXRoX3VzZXJfaWQiOiI0IiwiX2F1dGhfdXNlcl9iYWNrZW5kIjoiZGphbmdvLmNvbnRyaWIuYXV0aC5iYWNrZW5kcy5Nb2RlbEJhY2tlbmQiLCJfYXV0aF91c2VyX2hhc2giOiJiNTI4ZGJiMzNmYjU4MGNmM2IwYzNhNjRiZTMxODJkN2RiNzVmMzNkIn0=", "expire_date": "2019-06-28T09:11:06.426Z"}}, {"model": "sessions.session", "pk": "hiknd1j89qstgb8tfv10pky4vhzdi70u", "fields": {"session_data": "YjgxYzVkNTU2NDBhNWFhMDQxMGU5MmRlN2JiZjBlNGM1NTEyNTRkNjp7Il9hdXRoX3VzZXJfaWQiOiIyIiwiX2F1dGhfdXNlcl9iYWNrZW5kIjoiZGphbmdvLmNvbnRyaWIuYXV0aC5iYWNrZW5kcy5Nb2RlbEJhY2tlbmQiLCJfYXV0aF91c2VyX2hhc2giOiI2NWRmMDU0M2RiNWUyZjcyNGJmZjBjOWUzNGJlODZlNWU4YjNkMzRhIn0=", "expire_date": "2019-07-05T05:44:19.305Z"}}, {"model": "sessions.session", "pk": "k28aeykgvrzptv0vxaw09wut276vpcc5", "fields": {"session_data": "YjgxYzVkNTU2NDBhNWFhMDQxMGU5MmRlN2JiZjBlNGM1NTEyNTRkNjp7Il9hdXRoX3VzZXJfaWQiOiIyIiwiX2F1dGhfdXNlcl9iYWNrZW5kIjoiZGphbmdvLmNvbnRyaWIuYXV0aC5iYWNrZW5kcy5Nb2RlbEJhY2tlbmQiLCJfYXV0aF91c2VyX2hhc2giOiI2NWRmMDU0M2RiNWUyZjcyNGJmZjBjOWUzNGJlODZlNWU4YjNkMzRhIn0=", "expire_date": "2019-07-03T15:20:14.830Z"}}, {"model": "sessions.session", "pk": "kv6zd8tuer0sb7622loe8ccsh9pygd40", "fields": {"session_data": "OGY0YTY5ZjFiNmJkNjkxODU0NTNkM2Q3ZjBjMGMzZDQ2Yzg2OWE4NTp7Il9hdXRoX3VzZXJfaWQiOiIxIiwiX2F1dGhfdXNlcl9iYWNrZW5kIjoiZGphbmdvLmNvbnRyaWIuYXV0aC5iYWNrZW5kcy5Nb2RlbEJhY2tlbmQiLCJfYXV0aF91c2VyX2hhc2giOiJjZGZjZjI5MzQ0N2I1MDI3ZDQwMDQ0MWVkZTA1MzM1ZmI5NjZiYTY4In0=", "expire_date": "2019-06-25T09:40:31.337Z"}}, {"model": "sessions.session", "pk": "numuxcl5tt240sg5ka7zgcoswimw7eto", "fields": {"session_data": "YjgxYzVkNTU2NDBhNWFhMDQxMGU5MmRlN2JiZjBlNGM1NTEyNTRkNjp7Il9hdXRoX3VzZXJfaWQiOiIyIiwiX2F1dGhfdXNlcl9iYWNrZW5kIjoiZGphbmdvLmNvbnRyaWIuYXV0aC5iYWNrZW5kcy5Nb2RlbEJhY2tlbmQiLCJfYXV0aF91c2VyX2hhc2giOiI2NWRmMDU0M2RiNWUyZjcyNGJmZjBjOWUzNGJlODZlNWU4YjNkMzRhIn0=", "expire_date": "2019-07-01T15:06:52.653Z"}}, {"model": "sessions.session", "pk": "vl3btqy1ep9cgvfi0pa8ydylbuwx5fig", "fields": {"session_data": "NWI2NWNkYmZlNjI4MWFmNzA3MDM5NjUwNjNjNTQwMzE1ODRjZmUzYzp7Il9hdXRoX3VzZXJfaWQiOiI0IiwiX2F1dGhfdXNlcl9iYWNrZW5kIjoiZGphbmdvLmNvbnRyaWIuYXV0aC5iYWNrZW5kcy5Nb2RlbEJhY2tlbmQiLCJfYXV0aF91c2VyX2hhc2giOiJiNTI4ZGJiMzNmYjU4MGNmM2IwYzNhNjRiZTMxODJkN2RiNzVmMzNkIn0=", "expire_date": "2019-06-29T04:47:48.433Z"}}, {"model": "api.profile", "pk": 1, "fields": {"email": "vikas@gmail.com", "phone": null}}, {"model": "api.profile", "pk": 2, "fields": {"email": "vikas@gmail.com", "phone": null}}, {"model": "api.profile", "pk": 3, "fields": {"email": "vikas@gmail.com", "phone": null}}, {"model": "api.profile", "pk": 4, "fields": {"email": "vikas@gmail.com", "phone": null}}, {"model": "api.profile", "pk": 5, "fields": {"email": "vikas@gmail.com", "phone": null}}, {"model": "api.profile", "pk": 6, "fields": {"email": "vikas@gmail.com", "phone": null}}, {"model": "api.profile", "pk": 7, "fields": {"email": "vikas@gmail.com", "phone": null}}, {"model": "api.profile", "pk": 8, "fields": {"email": "tanish4643@yahoo.com", "phone": null}}, {"model": "api.profile", "pk": 9, "fields": {"email": "tanish4643@yahoo.com", "phone": null}}, {"model": "api.profile", "pk": 10, "fields": {"email": "tanish4643@yahoo.com", "phone": null}}, {"model": "api.profile", "pk": 11, "fields": {"email": "tanish4643@yahoo.com", "phone": null}}, {"model": "api.profile", "pk": 12, "fields": {"email": "tanish4643@yahoo.com", "phone": null}}, {"model": "api.profile", "pk": 13, "fields": {"email": "tanish4643@yahoo.com", "phone": null}}, {"model": "api.profile", "pk": 14, "fields": {"email": "tanish4643@yahoo.com", "phone": null}}, {"model": "api.profile", "pk": 15, "fields": {"email": "tanish4643@yahoo.com", "phone": null}}, {"model": "api.profile", "pk": 16, "fields": {"email": "tanish4643@yahoo.com", "phone": null}}, {"model": "api.profile", "pk": 17, "fields": {"email": "tanish4643@yahoo.com", "phone": null}}, {"model": "api.profile", "pk": 18, "fields": {"email": "tanish4643@yahoo.com", "phone": null}}, {"model": "api.profile", "pk": 19, "fields": {"email": "tanish4643@yahoo.com", "phone": null}}, {"model": "api.profile", "pk": 20, "fields": {"email": "tanish4643@yahoo.com", "phone": null}}, {"model": "api.profile", "pk": 21, "fields": {"email": "tanish4643@gmail.com", "phone": null}}, {"model": "api.profile", "pk": 22, "fields": {"email": "tanish4643@yahoo.com", "phone": null}}, {"model": "api.profile", "pk": 23, "fields": {"email": "tanish4643@yahoo.com", "phone": null}}, {"model": "api.profile", "pk": 24, "fields": {"email": "tanish4643@yahoo.com", "phone": null}}, {"model": "api.profile", "pk": 25, "fields": {"email": "tanish4643@yahoo.com", "phone": null}}, {"model": "api.profile", "pk": 26, "fields": {"email": "tanish4643@yahoo.com", "phone": null}}, {"model": "api.profile", "pk": 27, "fields": {"email": "tanish4643@yahoo.com", "phone": null}}, {"model": "api.profile", "pk": 28, "fields": {"email": "dsfsdf@sdf.ghj", "phone": null}}, {"model": "api.profile", "pk": 29, "fields": {"email": "dsfsdf@sdf.ghj", "phone": null}}, {"model": "api.profile", "pk": 30, "fields": {"email": "sdfsdfsdf@sdf.ghj", "phone": null}}, {"model": "api.profile", "pk": 31, "fields": {"email": "sulakhanaviox@gmail.com", "phone": null}}, {"model": "api.profile", "pk": 32, "fields": {"email": "demo@gmail.com", "phone": null}}, {"model": "api.profile", "pk": 33, "fields": {"email": "demo@gmail.com", "phone": null}}, {"model": "api.profile", "pk": 34, "fields": {"email": "demo@gmail.com", "phone": null}}, {"model": "api.profile", "pk": 35, "fields": {"email": "demo@gmail.com", "phone": null}}, {"model": "api.profile", "pk": 36, "fields": {"email": "demo@gmail.com", "phone": null}}, {"model": "api.profile", "pk": 37, "fields": {"email": "demo@gmail.com", "phone": null}}, {"model": "api.profile", "pk": 38, "fields": {"email": "itsmemukesh21@gmail.com", "phone": null}}, {"model": "api.profile", "pk": 39, "fields": {"email": "demo@gmail.com", "phone": null}}, {"model": "api.profile", "pk": 40, "fields": {"email": "tanish4643@yahoo.com", "phone": null}}, {"model": "api.profile", "pk": 41, "fields": {"email": "tanish4643@yahoo.com", "phone": null}}, {"model": "api.profile", "pk": 42, "fields": {"email": "tanish4643@yahoo.com", "phone": null}}, {"model": "api.profile", "pk": 43, "fields": {"email": "demo@gmail.com", "phone": null}}, {"model": "api.profile", "pk": 44, "fields": {"email": "demo@gmail.com", "phone": null}}, {"model": "api.profile", "pk": 45, "fields": {"email": "demo@gmail.com", "phone": null}}, {"model": "api.profile", "pk": 46, "fields": {"email": "demo@gmail.com", "phone": null}}, {"model": "api.profile", "pk": 47, "fields": {"email": "tanish4643@yahoo.com", "phone": null}}, {"model": "api.profile", "pk": 48, "fields": {"email": "tanish4643@yahoo.com", "phone": null}}, {"model": "api.profile", "pk": 49, "fields": {"email": "tanish4643@yahoo.com", "phone": null}}, {"model": "api.profile", "pk": 50, "fields": {"email": "tanish4643@yahoo.com", "phone": null}}, {"model": "api.profile", "pk": 51, "fields": {"email": "tanish4643@yahoo.com", "phone": null}}, {"model": "api.profile", "pk": 52, "fields": {"email": "itsmemukesh21@gmail.com", "phone": null}}, {"model": "api.profile", "pk": 53, "fields": {"email": "itsmemukesh21@gmail.com", "phone": null}}, {"model": "api.profile", "pk": 54, "fields": {"email": "demo@gmail.com", "phone": null}}, {"model": "api.profile", "pk": 55, "fields": {"email": "demo@gmail.com", "phone": null}}, {"model": "api.profile", "pk": 56, "fields": {"email": "demo@gmail.com", "phone": null}}, {"model": "api.profile", "pk": 57, "fields": {"email": "demo@gmail.com", "phone": null}}, {"model": "api.profile", "pk": 58, "fields": {"email": "demo@gmail.com", "phone": null}}, {"model": "api.profile", "pk": 59, "fields": {"email": "tanish4643@yahoo.com", "phone": null}}, {"model": "api.profile", "pk": 60, "fields": {"email": "sharma21pankaj@gmail.com", "phone": null}}, {"model": "api.profile", "pk": 61, "fields": {"email": "demo@gmail.com", "phone": null}}, {"model": "api.profile", "pk": 62, "fields": {"email": "demo@gmail.com", "phone": null}}, {"model": "api.profile", "pk": 63, "fields": {"email": "tanish4643@yahoo.com", "phone": null}}, {"model": "api.profile", "pk": 64, "fields": {"email": "tanish4643@yahoo.com", "phone": null}}, {"model": "api.profile", "pk": 65, "fields": {"email": "shop@vildmedgolf.dk", "phone": null}}, {"model": "api.profile", "pk": 66, "fields": {"email": "test@gmail.com", "phone": null}}, {"model": "api.profile", "pk": 67, "fields": {"email": "sales@sd.com.au", "phone": null}}, {"model": "api.profile", "pk": 68, "fields": {"email": "tanish4643@yahoo.com", "phone": null}}, {"model": "api.profile", "pk": 69, "fields": {"email": "niravdabhi1991@gmail.com", "phone": null}}, {"model": "api.profile", "pk": 70, "fields": {"email": "niravdabhi1991@gmail.com", "phone": null}}, {"model": "api.profile", "pk": 71, "fields": {"email": "test@test.com", "phone": null}}, {"model": "api.profile", "pk": 72, "fields": {"email": "test@test.com", "phone": null}}, {"model": "api.profile", "pk": 73, "fields": {"email": "test@test.com", "phone": null}}, {"model": "api.profile", "pk": 74, "fields": {"email": "test@test.com", "phone": null}}, {"model": "api.profile", "pk": 75, "fields": {"email": "test@test.com", "phone": null}}, {"model": "api.profile", "pk": 76, "fields": {"email": "tanish4643@yahoo.com", "phone": null}}, {"model": "api.profile", "pk": 77, "fields": {"email": "tanish4643@yahoo.com", "phone": null}}, {"model": "api.profile", "pk": 78, "fields": {"email": "tanish4643@yahoo.com", "phone": null}}, {"model": "api.profile", "pk": 79, "fields": {"email": "test@gmail.com", "phone": null}}, {"model": "api.profile", "pk": 80, "fields": {"email": "test@test.com", "phone": null}}, {"model": "api.profile", "pk": 81, "fields": {"email": "test@test.com", "phone": null}}, {"model": "api.profile", "pk": 82, "fields": {"email": "test@test.com", "phone": null}}, {"model": "api.profile", "pk": 83, "fields": {"email": "test@test.com", "phone": null}}, {"model": "api.profile", "pk": 84, "fields": {"email": "tanish4643@yahoo.com", "phone": null}}, {"model": "api.profile", "pk": 85, "fields": {"email": "tanish4643@yahoo.com", "phone": null}}, {"model": "api.profile", "pk": 86, "fields": {"email": "tanish4643@yahoo.com", "phone": null}}, {"model": "api.profile", "pk": 87, "fields": {"email": "tanish4643@yahoo.com", "phone": null}}, {"model": "api.profile", "pk": 88, "fields": {"email": "test@test.com", "phone": null}}, {"model": "api.profile", "pk": 89, "fields": {"email": "asda@gmail.com", "phone": null}}, {"model": "api.profile", "pk": 90, "fields": {"email": "test@test.com", "phone": null}}, {"model": "api.profile", "pk": 91, "fields": {"email": "test@test.com", "phone": null}}, {"model": "api.profile", "pk": 92, "fields": {"email": "test@test.com", "phone": null}}, {"model": "api.profile", "pk": 93, "fields": {"email": "tanish4643@yahoo.com", "phone": null}}, {"model": "api.profile", "pk": 94, "fields": {"email": "tanish4643@yahoo.com", "phone": null}}, {"model": "api.profile", "pk": 95, "fields": {"email": "tanish4643@yahoo.com", "phone": null}}, {"model": "api.profile", "pk": 96, "fields": {"email": "test@test.com", "phone": null}}, {"model": "api.profile", "pk": 97, "fields": {"email": "tanish4643@yahoo.com", "phone": null}}, {"model": "api.profile", "pk": 98, "fields": {"email": "test@test.com", "phone": null}}, {"model": "api.profile", "pk": 99, "fields": {"email": "niravdabhi1991@gmail.com", "phone": null}}, {"model": "api.profile", "pk": 100, "fields": {"email": "sharam1@gmail.com", "phone": null}}, {"model": "api.profile", "pk": 101, "fields": {"email": "bobmarley@mailinator.com", "phone": null}}, {"model": "api.profile", "pk": 102, "fields": {"email": "test@gmail.com", "phone": null}}, {"model": "api.profile", "pk": 103, "fields": {"email": "asdas@gmail.com", "phone": null}}, {"model": "api.profile", "pk": 104, "fields": {"email": "test@test.com", "phone": null}}, {"model": "api.profile", "pk": 105, "fields": {"email": "tanish4643@yahoo.com", "phone": null}}, {"model": "api.profile", "pk": 106, "fields": {"email": "tanish4643@yahoo.com", "phone": null}}, {"model": "api.profile", "pk": 107, "fields": {"email": "tanish4643@yahoo.com", "phone": null}}, {"model": "api.profile", "pk": 108, "fields": {"email": "itsmemukesh21@gmail.com", "phone": null}}, {"model": "api.profile", "pk": 109, "fields": {"email": "shara21pankaj@gail.com", "phone": null}}, {"model": "api.profile", "pk": 110, "fields": {"email": "tanish4643@yahoo.com", "phone": null}}, {"model": "api.profile", "pk": 111, "fields": {"email": "seodiscovery2@gmail.com", "phone": null}}, {"model": "api.profile", "pk": 112, "fields": {"email": "tanish4643@yahoo.com", "phone": null}}, {"model": "api.profile", "pk": 113, "fields": {"email": "itsmemukesh21@gmail.com", "phone": null}}, {"model": "api.profile", "pk": 114, "fields": {"email": "itsmemukesh21@gmail.com", "phone": null}}, {"model": "api.profile", "pk": 115, "fields": {"email": "sads@gmail.com", "phone": null}}, {"model": "api.profile", "pk": 116, "fields": {"email": "tanish4643@yahoo.com", "phone": null}}, {"model": "api.profile", "pk": 117, "fields": {"email": "tanish4643@yahoo.com", "phone": null}}, {"model": "api.profile", "pk": 118, "fields": {"email": "itsmemukesh21@gmail.com", "phone": null}}, {"model": "api.profile", "pk": 119, "fields": {"email": "itsmemukesh21@gmail.com", "phone": null}}, {"model": "api.profile", "pk": 120, "fields": {"email": "itsmemukesh21@gmail.com", "phone": null}}, {"model": "api.profile", "pk": 121, "fields": {"email": "itsmemukesh21@gmail.com", "phone": null}}, {"model": "api.profile", "pk": 122, "fields": {"email": "itsmemukesh21@gmail.com", "phone": null}}, {"model": "api.profile", "pk": 123, "fields": {"email": "itsmemukesh21@gmail.com", "phone": null}}, {"model": "api.profile", "pk": 124, "fields": {"email": "itsmemukesh21@gmail.com", "phone": null}}, {"model": "api.profile", "pk": 125, "fields": {"email": "itsmemukesh21@gmail.com", "phone": null}}, {"model": "api.profile", "pk": 126, "fields": {"email": "itsmemukesh21@gmail.com", "phone": null}}, {"model": "api.profile", "pk": 127, "fields": {"email": "itsmemukesh21@gmail.com", "phone": null}}, {"model": "api.profile", "pk": 128, "fields": {"email": "sharma21pankaj@gmail.com", "phone": null}}, {"model": "api.profile", "pk": 129, "fields": {"email": "itsmemukesh21@gmail.com", "phone": null}}, {"model": "api.profile", "pk": 130, "fields": {"email": "tanish4643@yahoo.com", "phone": null}}, {"model": "api.profile", "pk": 131, "fields": {"email": "itsmemukesh21@gmail.com", "phone": null}}, {"model": "api.profile", "pk": 132, "fields": {"email": "itsmemukesh21@gmail.com", "phone": null}}, {"model": "api.year", "pk": 1, "fields": {"year": 2019}}, {"model": "api.year", "pk": 2, "fields": {"year": 2015}}, {"model": "api.year", "pk": 3, "fields": {"year": 2020}}, {"model": "api.make", "pk": 1, "fields": {"make": "Acura", "year": 1}}, {"model": "api.make", "pk": 2, "fields": {"make": "Alfa Romeo", "year": 1}}, {"model": "api.make", "pk": 3, "fields": {"make": "Audi", "year": 1}}, {"model": "api.make", "pk": 4, "fields": {"make": "maruti", "year": 2}}, {"model": "api.make", "pk": 5, "fields": {"make": "Land Rover", "year": 1}}, {"model": "api.make", "pk": 6, "fields": {"make": "Land Rover", "year": 3}}, {"model": "api.make", "pk": 7, "fields": {"make": "Ford", "year": 1}}, {"model": "api.make", "pk": 8, "fields": {"make": "Honda", "year": 1}}, {"model": "api.model", "pk": 1, "fields": {"model": "ILX", "make": 1}}, {"model": "api.model", "pk": 2, "fields": {"model": "MDX", "make": 1}}, {"model": "api.model", "pk": 3, "fields": {"model": "TLX", "make": 1}}, {"model": "api.model", "pk": 4, "fields": {"model": "RDX", "make": 1}}, {"model": "api.model", "pk": 5, "fields": {"model": "A3", "make": 3}}, {"model": "api.model", "pk": 6, "fields": {"model": "A4", "make": 3}}, {"model": "api.model", "pk": 7, "fields": {"model": "A5", "make": 3}}, {"model": "api.model", "pk": 8, "fields": {"model": "Giulia", "make": 2}}, {"model": "api.model", "pk": 9, "fields": {"model": "swift dzire", "make": 4}}, {"model": "api.model", "pk": 10, "fields": {"model": "Range Rover Velar", "make": 5}}, {"model": "api.model", "pk": 11, "fields": {"model": "Range Rover Velar Test", "make": 6}}, {"model": "api.model", "pk": 12, "fields": {"model": "Discovery Sport", "make": 5}}, {"model": "api.model", "pk": 13, "fields": {"model": "Accord", "make": 8}}, {"model": "api.model", "pk": 14, "fields": {"model": "Accord Hybrid", "make": 8}}, {"model": "api.model", "pk": 15, "fields": {"model": "Civic", "make": 8}}, {"model": "api.trim", "pk": 1, "fields": {"trim": "Base", "model": 1}}, {"model": "api.trim", "pk": 3, "fields": {"trim": "w/Premium", "model": 1}}, {"model": "api.trim", "pk": 4, "fields": {"trim": "SH-AWD Sport Hybrid w/Advance", "model": 1}}, {"model": "api.trim", "pk": 5, "fields": {"trim": "SH-AWD w/Advance w/RES", "model": 5}}, {"model": "api.trim", "pk": 6, "fields": {"trim": "Base", "model": 2}}, {"model": "api.trim", "pk": 7, "fields": {"trim": "Base", "model": 8}}, {"model": "api.trim", "pk": 8, "fields": {"trim": "vxi", "model": 9}}, {"model": "api.trim", "pk": 9, "fields": {"trim": "D180 S", "model": 10}}, {"model": "api.trim", "pk": 10, "fields": {"trim": "D180 ST", "model": 11}}, {"model": "api.trim", "pk": 11, "fields": {"trim": "HSE Dynamic", "model": 12}}, {"model": "api.trim", "pk": 12, "fields": {"trim": "EX", "model": 13}}, {"model": "api.trim", "pk": 13, "fields": {"trim": "Base", "model": 14}}, {"model": "api.trim", "pk": 14, "fields": {"trim": "EX-L", "model": 14}}, {"model": "api.trim", "pk": 15, "fields": {"trim": "Touring", "model": 14}}, {"model": "api.trim", "pk": 16, "fields": {"trim": "EX-L", "model": 15}}, {"model": "api.trim", "pk": 17, "fields": {"trim": "EX-L w/Navi", "model": 15}}, {"model": "api.trim", "pk": 18, "fields": {"trim": "Sport Touring", "model": 15}}, {"model": "api.trim", "pk": 19, "fields": {"trim": "Ex-L w/Navi", "model": 14}}, {"model": "api.category", "pk": 1, "fields": {"name": "3-in-1", "subtitle": "WINDSHIELD, WHEELS, AND DENT REPAIR PROTECTION", "description": "Coverage for minor dent repair, windshield repair or replacement, and includes tire and wheel policy. Recommended for vehicles that spend a lot of time on the highway or parked on city streets.", "more_description": "<div class=\"row\">\r\n<div class=\"col-md-6 col-sm-6 coverage-list\" style=\"padding-left:0\">\r\n<h3>This coverage includes</h3>\r\n\r\n<div class=\"view-details\">\r\n<h4>Minor Dent Repair</h4>\r\n\r\n<div style=\"display:flex; margin-bottom:5px\">\r\n<div class=\"arrow_long_list\">&nbsp;</div>\r\n<span style=\"font-family:'GT America'; font-size:18px\">Easily removes minor dents and door dings</span></div>\r\n\r\n<div style=\"display:flex; margin-bottom:5px\">\r\n<div class=\"arrow_long_list\">&nbsp;</div>\r\n<span style=\"font-family:'GT America'; font-size:18px\">Developed by automobile manufacturers</span></div>\r\n\r\n<div style=\"display:flex; margin-bottom:5px\">\r\n<div class=\"arrow_long_list\">&nbsp;</div>\r\n<span style=\"font-family:'GT America'; font-size:18px\">Works from behind the vehicle&#39;s exterior</span></div>\r\n\r\n<div style=\"display:flex; margin-bottom:5px\">\r\n<div class=\"arrow_long_list\">&nbsp;</div>\r\n<span style=\"font-family:'GT America'; font-size:18px\">No sanding, painting or body fillers</span></div>\r\n\r\n<div style=\"display:flex; margin-bottom:5px\">\r\n<div class=\"arrow_long_list\">&nbsp;</div>\r\n<span style=\"font-family:'GT America'; font-size:18px\">Repairs are fast and friendly</span></div>\r\n\r\n<h4>Windshield repair</h4>\r\n\r\n<div style=\"display:flex; margin-bottom:5px\">\r\n<div class=\"arrow_long_list\">&nbsp;</div>\r\n<span style=\"font-family:'GT America'; font-size:18px\">Save money - Windshield Repairs can cost as much as $1,000 or more</span></div>\r\n\r\n<div style=\"display:flex; margin-bottom:5px\">\r\n<div class=\"arrow_long_list\">&nbsp;</div>\r\n<span style=\"font-family:'GT America'; font-size:18px\">A professional technician will repair your damaged windshield</span></div>\r\n\r\n<div style=\"display:flex; margin-bottom:5px\">\r\n<div class=\"arrow_long_list\">&nbsp;</div>\r\n<span style=\"font-family:'GT America'; font-size:18px\">No sanding, painting or body fillers</span></div>\r\n\r\n<div style=\"display:flex; margin-bottom:5px\">\r\n<div class=\"arrow_long_list\">&nbsp;</div>\r\n<span style=\"font-family:'GT America'; font-size:18px\">Saves on costly windshield deductible</span></div>\r\n\r\n<h4>Tire and Wheel Coverage</h4>\r\n\r\n<div style=\"display:flex; margin-bottom:5px\">\r\n<div class=\"arrow_long_list\">&nbsp;</div>\r\n<span style=\"font-family:'GT America'; font-size:18px\">Coverage includes 100% repair or replacement.</span></div>\r\n\r\n<div style=\"display:flex; margin-bottom:5px\">\r\n<div class=\"arrow_long_list\">&nbsp;</div>\r\n<span style=\"font-family:'GT America'; font-size:18px\">Reimbursement for a covered road hazard with no deductible or hidden fees for tires and mounting, wheels, balancing, valve stems, sales tax and customary labor charges.</span></div>\r\n\r\n<div style=\"display:flex; margin-bottom:5px\">\r\n<div class=\"arrow_long_list\">&nbsp;</div>\r\n<span style=\"font-family:'GT America'; font-size:18px\">Protects against blowouts, nails, glass, potholes and debris.</span></div>\r\n\r\n<div style=\"display:flex; margin-bottom:5px\">\r\n<div class=\"arrow_long_list\">&nbsp;</div>\r\n<span style=\"font-family:'GT America'; font-size:18px\">Toll-free sign and drive roadside service for tire related emergencies is available 24 hours a day, 7 days a week, 365 days a year.</span></div>\r\n</div>\r\n\r\n<div> *Limitations apply. See contract details for exact coverage.\r\n</div>\r\n\r\n<div class=\"blur-bg\">&nbsp;</div>\r\n</div>\r\n\r\n<div class=\"col-md-6 col-sm-6\"><img alt=\"\" src=\"https://websitehostingexperts.com/api/media/products/2019/06/11/car-img.png\" /></div>\r\n</div>\r\n<!-- end of coverge banner section -->", "image": "category/3-in-1_K62qaCR.png", "orderby": 3, "slug": "3-in-1-combined-coverage"}}, {"model": "api.category", "pk": 2, "fields": {"name": "R.O.A.D key replacement", "subtitle": "KEY PROTECTION", "description": "Coverage for replacement of lost or stolen keys. This policy also includes emergency roadside assistance and car rental discounts. Recommended for vehicles with integrated key remotes.", "more_description": "<div class=\"row\">\r\n<div class=\"col-md-6 col-sm-6 coverage-list\" style=\"padding-left:0\">\r\n<h3>This coverage includes</h3>\r\n\r\n<div class=\"view-details\">\r\n<h4>Key replacement service:</h4>\r\n\r\n<div style=\"display:flex; margin-bottom:5px\">\r\n<div class=\"arrow_long_list\">&nbsp;</div>\r\n<span style=\"font-family:'GT America'; font-size:18px\">Key Replacement and Remote Replacement if a key is lost or stolen or destroyed</span></div>\r\n\r\n<div style=\"display:flex; margin-bottom:5px\">\r\n<div class=\"arrow_long_list\">&nbsp;</div>\r\n<span style=\"font-family:'GT America'; font-size:18px\">Lockout service covered up to $50 for services of a Plan Locksmith.</span></div>\r\n\r\n<h4>Emergency road service:</h4>\r\n\r\n<div style=\"display:flex; margin-bottom:5px\">\r\n<div class=\"arrow_long_list\">&nbsp;</div>\r\n<span style=\"font-family:'GT America'; font-size:18px\">Tire Service - changing an inflated spare tire from mount to wheel</span></div>\r\n\r\n<div style=\"display:flex; margin-bottom:5px\">\r\n<div class=\"arrow_long_list\">&nbsp;</div>\r\n<span style=\"font-family:'GT America'; font-size:18px\">Battery Service - Attempting to start a vehicle with a booster battery</span></div>\r\n\r\n<div style=\"display:flex; margin-bottom:5px\">\r\n<div class=\"arrow_long_list\">&nbsp;</div>\r\n<span style=\"font-family:'GT America'; font-size:18px\">Delivery Service of emergency supplies - Delivery of an emergency supplies. Member pays for the cost of the materials that are delivered.</span></div>\r\n\r\n<div style=\"display:flex; margin-bottom:5px\">\r\n<div class=\"arrow_long_list\">&nbsp;</div>\r\n<span style=\"font-family:'GT America'; font-size:18px\">Custom Trip Rounting</span></div>\r\n\r\n<div style=\"display:flex; margin-bottom:5px\">\r\n<div class=\"arrow_long_list\">&nbsp;</div>\r\n<span style=\"font-family:'GT America'; font-size:18px\">Auto Rental Discounts from AVIS, Budget, Enterprise, Hertz and National.</span></div>\r\n\r\n<div style=\"display:flex; margin-bottom:5px\">\r\n<div class=\"arrow_long_list\">&nbsp;</div>\r\n<span style=\"font-family:'GT America'; font-size:18px\">Sales tax</span></div>\r\n</div>\r\n\r\n<div class=\"blur-bg\">&nbsp;</div>\r\n</div>\r\n\r\n<div class=\"col-md-6 col-sm-6\"><img alt=\"\" src=\"https://websitehostingexperts.com/api/media/products/2019/06/11/sample-img2.png\" /></div>\r\n</div>\r\n<!-- end of coverge banner section -->", "image": "category/key-replacement_q2oCCGa.png", "orderby": 4, "slug": "car-key-replacement-coverage"}}, {"model": "api.category", "pk": 3, "fields": {"name": "Excess Wear and Tear", "subtitle": "VEHICLE  PROTECTION", "description": "Coverage for cosmetic repairs to paint and upholstery, chipped or cracked glass,burned out bulbs, and more. Recommended for all leased vehicles.", "more_description": "<div class=\"row\">\r\n<div class=\"col-md-6 col-sm-6 coverage-list\" style=\"padding-left:0\">\r\n<h3>This coverage includes</h3>\r\n\r\n<div class=\"view-details\">\r\n<div style=\"display:flex; margin-bottom:5px\">\r\n<div class=\"arrow_long_list\">&nbsp;</div>\r\n<span style=\"font-family:'GT America'; font-size:18px\">Tires</span></div>\r\n\r\n<div style=\"display:flex; margin-bottom:5px\">\r\n<div class=\"arrow_long_list\">&nbsp;</div>\r\n<span style=\"font-family:'GT America'; font-size:18px\">Scratched and chipped paint</span></div>\r\n\r\n<div style=\"display:flex; margin-bottom:5px\">\r\n<div class=\"arrow_long_list\">&nbsp;</div>\r\n<span style=\"font-family:'GT America'; font-size:18px\">Stains and spotting of upholstery and carpet</span></div>\r\n\r\n<div style=\"display:flex; margin-bottom:5px\">\r\n<div class=\"arrow_long_list\">&nbsp;</div>\r\n<span style=\"font-family:'GT America'; font-size:18px\">Chipped glass</span></div>\r\n\r\n<div style=\"display:flex; margin-bottom:5px\">\r\n<div class=\"arrow_long_list\">&nbsp;</div>\r\n<span style=\"font-family:'GT America'; font-size:18px\">Cracked head lamps</span></div>\r\n\r\n<div style=\"display:flex; margin-bottom:5px\">\r\n<div class=\"arrow_long_list\">&nbsp;</div>\r\n<span style=\"font-family:'GT America'; font-size:18px\">Burned out tail light</span></div>\r\n\r\n<div style=\"display:flex; margin-bottom:5px\">\r\n<div class=\"arrow_long_list\">&nbsp;</div>\r\n<span style=\"font-family:'GT America'; font-size:18px\">Windshield or mirror</span></div>\r\n\r\n<div style=\"display:flex; margin-bottom:5px\">\r\n<div class=\"arrow_long_list\">&nbsp;</div>\r\n<span style=\"font-family:'GT America'; font-size:18px\">Cuts, rips, crackes, burns, stains and spotting to the internal and cargo storage areas</span></div>\r\n\r\n<div style=\"display:flex; margin-bottom:5px\">\r\n<div class=\"arrow_long_list\">&nbsp;</div>\r\n<span style=\"font-family:'GT America'; font-size:18px\">Convertible tops, padded tops and vinyl tops</span></div>\r\n\r\n<div style=\"display:flex; margin-bottom:5px\">\r\n<div class=\"arrow_long_list\">&nbsp;</div>\r\n<span style=\"font-family:'GT America'; font-size:18px\">Molding, trim, bright metal and surrounding trim</span></div>\r\n\r\n<div style=\"display:flex; margin-bottom:5px\">\r\n<div class=\"arrow_long_list\">&nbsp;</div>\r\n<span style=\"font-family:'GT America'; font-size:18px\">Convertible tops, padded tops and vinyl tops</span></div>\r\n\r\n<div style=\"display:flex; margin-bottom:5px\">\r\n<div class=\"arrow_long_list\">&nbsp;</div>\r\n<span style=\"font-family:'GT America'; font-size:18px\">Bumpers, step bumpers and surrounding trim</span></div>\r\n\r\n<div style=\"display:flex; margin-bottom:5px\">\r\n<div class=\"arrow_long_list\">&nbsp;</div>\r\n<span style=\"font-family:'GT America'; font-size:18px\">Antennae</span></div>\r\n\r\n<div style=\"display:flex; margin-bottom:5px\">\r\n<div class=\"arrow_long_list\">&nbsp;</div>\r\n<span style=\"font-family:'GT America'; font-size:18px\">Name plate badge sand hood ornaments</span></div>\r\n\r\n<div style=\"display:flex; margin-bottom:5px\">\r\n<div class=\"arrow_long_list\">&nbsp;</div>\r\n<span style=\"font-family:'GT America'; font-size:18px\">Door, trunk and hatch handles</span></div>\r\n\r\n<div style=\"display:flex; margin-bottom:5px\">\r\n<div class=\"arrow_long_list\">&nbsp;</div>\r\n<span style=\"font-family:'GT America'; font-size:18px\">Scratches, chips, pits, rust, corrosion and cracks</span></div>\r\n\r\n<div style=\"display:flex; margin-bottom:5px\">\r\n<div class=\"arrow_long_list\">&nbsp;</div>\r\n<span style=\"font-family:'GT America'; font-size:18px\">Front and rear door, hatch and tailgate rubber deals</span></div>\r\n\r\n<div style=\"display:flex; margin-bottom:5px\">\r\n<div class=\"arrow_long_list\">&nbsp;</div>\r\n<span style=\"font-family:'GT America'; font-size:18px\">Lenses of head lamps, rear lamps and fog lights</span></div>\r\n\r\n<div style=\"display:flex; margin-bottom:5px\">\r\n<div class=\"arrow_long_list\">&nbsp;</div>\r\n<span style=\"font-family:'GT America'; font-size:18px\">Tail, turn signal and brake light lenses, sealed beams and halogen and light bulbs</span></div>\r\n\r\n<div style=\"display:flex; margin-bottom:5px\">\r\n<div class=\"arrow_long_list\">&nbsp;</div>\r\n<span style=\"font-family:'GT America'; font-size:18px\">Discoloration, stone bruises, sand damage and pits.</span></div>\r\n</div>\r\n\r\n<div class=\"blur-bg\">&nbsp;</div>\r\n</div>\r\n\r\n<div class=\"col-md-6 col-sm-6\"><img alt=\"\" class=\"img-responsive\" src=\"https://websitehostingexperts.com/api//media/products/2019/06/11/car-img_yOqJgQh.png\" /></div>\r\n</div>\r\n<!-- end of coverge banner section -->", "image": "category/excess-wear-and-tear-coverage2x_gzA4ZxL.png", "orderby": 1, "slug": "excess-wear-and-tear-coverage"}}, {"model": "api.category", "pk": 4, "fields": {"name": "Tire and Wheel Coverage", "subtitle": "VEHICLE  PROTECTION", "description": "Includes 24-hour nationwide roadside assistance and 100% repair or replacement of tires and wheels. Recommended for leased vehicles with wheels that are 17&#39;&#39; or larger.", "more_description": "<div class=\"row\">\r\n<div class=\"col-md-6 col-sm-6 coverage-list\" style=\"padding-left:0\">\r\n<h3>This coverage includes</h3>\r\n\r\n<div class=\"view-details\">\r\n<h4>From major causes of road hazards and yourself with roadside assistance including:</h4>\r\n\r\n<div style=\"display:flex; margin-bottom:5px\">\r\n<div class=\"arrow_long_list\">&nbsp;</div>\r\n<span style=\"font-family:'GT America'; font-size:18px\">Debris</span></div>\r\n\r\n<div style=\"display:flex; margin-bottom:5px\">\r\n<div class=\"arrow_long_list\">&nbsp;</div>\r\n<span style=\"font-family:'GT America'; font-size:18px\">Potholes</span></div>\r\n\r\n<div style=\"display:flex; margin-bottom:5px\">\r\n<div class=\"arrow_long_list\">&nbsp;</div>\r\n<span style=\"font-family:'GT America'; font-size:18px\">Metal</span></div>\r\n\r\n<div style=\"display:flex; margin-bottom:5px\">\r\n<div class=\"arrow_long_list\">&nbsp;</div>\r\n<span style=\"font-family:'GT America'; font-size:18px\">Glass</span></div>\r\n\r\n<div style=\"display:flex; margin-bottom:5px\">\r\n<div class=\"arrow_long_list\">&nbsp;</div>\r\n<span style=\"font-family:'GT America'; font-size:18px\">Nails</span></div>\r\n\r\n<h4>100 percent repair or replacement reimbursement coverage for:</h4>\r\n\r\n<div style=\"display:flex; margin-bottom:5px\">\r\n<div class=\"arrow_long_list\">&nbsp;</div>\r\n<span style=\"font-family:'GT America'; font-size:18px\">Tires and mounting</span></div>\r\n\r\n<div style=\"display:flex; margin-bottom:5px\">\r\n<div class=\"arrow_long_list\">&nbsp;</div>\r\n<span style=\"font-family:'GT America'; font-size:18px\">Valve stems</span></div>\r\n\r\n<div style=\"display:flex; margin-bottom:5px\">\r\n<div class=\"arrow_long_list\">&nbsp;</div>\r\n<span style=\"font-family:'GT America'; font-size:18px\">Wheels</span></div>\r\n\r\n<div style=\"display:flex; margin-bottom:5px\">\r\n<div class=\"arrow_long_list\">&nbsp;</div>\r\n<span style=\"font-family:'GT America'; font-size:18px\">Tire balancing</span></div>\r\n\r\n<div style=\"display:flex; margin-bottom:5px\">\r\n<div class=\"arrow_long_list\">&nbsp;</div>\r\n<span style=\"font-family:'GT America'; font-size:18px\">Customary labor charges</span></div>\r\n\r\n<div style=\"display:flex; margin-bottom:5px\">\r\n<div class=\"arrow_long_list\">&nbsp;</div>\r\n<span style=\"font-family:'GT America'; font-size:18px\">Sales tax</span></div>\r\n\r\n<h4>Bonus</h4>\r\n\r\n<div style=\"display:flex; margin-bottom:5px\">\r\n<div class=\"arrow_long_list\">&nbsp;</div>\r\n<span style=\"font-family:'GT America'; font-size:18px\">Toll-free sign and drive roadside</span></div>\r\n\r\n<div style=\"display:flex; margin-bottom:5px\">\r\n<div class=\"arrow_long_list\">&nbsp;</div>\r\n<span style=\"font-family:'GT America'; font-size:18px\">Service for tie and wheel related emergencies 24 hours a day, 7 days a week, 365 days a year, anywhere nationwide</span></div>\r\n</div>\r\n\r\n<div class=\"blur-bg\">&nbsp;</div>\r\n</div>\r\n\r\n<div class=\"col-md-6 col-sm-6\">\r\n<div><img alt=\"\" src=\"https://websitehostingexperts.com/api/media/products/2019/06/11/car-sample.png\" /></div>\r\n</div>\r\n</div>\r\n<!-- end of coverge banner section -->", "image": "category/tire-wheel2x.png", "orderby": 2, "slug": "tire-and-wheel-coverage"}}, {"model": "api.productdetail", "pk": 1, "fields": {"trim": 1, "category": 1, "price": 1499, "description": "<div class=\"row\">\r\n<div class=\"col-md-6 col-sm-6 coverage-list\" style=\"padding-left:0\">\r\n<h3>This coverage includes</h3>\r\n\r\n<div class=\"view-details\">\r\n<h4>Minor dent repair</h4>\r\n\r\n<div style=\"display:flex; margin-bottom:5px\">\r\n<div class=\"arrow_long_list\">&nbsp;</div>\r\n<span style=\"font-family:'GT America'; font-size:18px\">Easily removes minor dents and door dings</span></div>\r\n\r\n<div style=\"display:flex; margin-bottom:5px\">\r\n<div class=\"arrow_long_list\">&nbsp;</div>\r\n<span style=\"font-family:'GT America'; font-size:18px\">Developed by automobile manufacturers</span></div>\r\n\r\n<div style=\"display:flex; margin-bottom:5px\">\r\n<div class=\"arrow_long_list\">&nbsp;</div>\r\n<span style=\"font-family:'GT America'; font-size:18px\">Works form behind the vehicle&#39;s exterior</span></div>\r\n\r\n<div style=\"display:flex; margin-bottom:5px\">\r\n<div class=\"arrow_long_list\">&nbsp;</div>\r\n<span style=\"font-family:'GT America'; font-size:18px\">No sanding, painting or body fillers</span></div>\r\n\r\n<div style=\"display:flex; margin-bottom:5px\">\r\n<div class=\"arrow_long_list\">&nbsp;</div>\r\n<span style=\"font-family:'GT America'; font-size:18px\">Repairs are fast and friendly</span></div>\r\n\r\n<h4>Windshiled repair</h4>\r\n\r\n<div style=\"display:flex; margin-bottom:5px\">\r\n<div class=\"arrow_long_list\">&nbsp;</div>\r\n<span style=\"font-family:'GT America'; font-size:18px\">Save money - Windshiled Repairs can cost as much as #$1,000 or more</span></div>\r\n\r\n<div style=\"display:flex; margin-bottom:5px\">\r\n<div class=\"arrow_long_list\">&nbsp;</div>\r\n<span style=\"font-family:'GT America'; font-size:18px\">A professional technician will repair you damaged windshield</span></div>\r\n\r\n<div style=\"display:flex; margin-bottom:5px\">\r\n<div class=\"arrow_long_list\">&nbsp;</div>\r\n<span style=\"font-family:'GT America'; font-size:18px\">No sanding, painting or body fillers</span></div>\r\n\r\n<div style=\"display:flex; margin-bottom:5px\">\r\n<div class=\"arrow_long_list\">&nbsp;</div>\r\n<span style=\"font-family:'GT America'; font-size:18px\">Saves on costly windshield deductible</span></div>\r\n\r\n<h4>Tire and wheel coverage</h4>\r\n\r\n<div style=\"display:flex; margin-bottom:5px\">\r\n<div class=\"arrow_long_list\">&nbsp;</div>\r\n<span style=\"font-family:'GT America'; font-size:18px\">Coverage includes 100 percent repair or replacement</span></div>\r\n\r\n<div style=\"display:flex; margin-bottom:5px\">\r\n<div class=\"arrow_long_list\">&nbsp;</div>\r\n<span style=\"font-family:'GT America'; font-size:18px\">Reimbursement for a covered road hazard with no deductible or hidden fees for tires and mounting, wheels, balancing, valve stems, sales tax and customary labor charges.</span></div>\r\n\r\n<div style=\"display:flex; margin-bottom:5px\">\r\n<div class=\"arrow_long_list\">&nbsp;</div>\r\n<span style=\"font-family:'GT America'; font-size:18px\">Protects against blowouts, nails, glass, potholes and debris.</span></div>\r\n\r\n<div style=\"display:flex; margin-bottom:5px\">\r\n<div class=\"arrow_long_list\">&nbsp;</div>\r\n<span style=\"font-family:'GT America'; font-size:18px\">Toll-free sign and drive roadside service for tire related emergencies is available 24 hours a day, 7 days a week, 365 days a year.</span></div>\r\n</div>\r\n\r\n<div class=\"blur-bg\">&nbsp;</div>\r\n</div>\r\n\r\n<div class=\"col-md-6 col-sm-6\"><img alt=\"\" src=\"https://websitehostingexperts.com/api/media/products/2019/06/11/car-img.png\" /></div>\r\n</div>\r\n<!-- end of coverge banner section -->", "more_description": "<p>Coverage for minor dent repair, windshield repair or replacement, and includes tire and wheel policy. Recommended for vehicles that spend a lot of time on the highway or parked on city streets.</p>", "image": "products/3-in-1.png", "slug": "acura-ilx-base/3-in-1"}}, {"model": "api.productdetail", "pk": 2, "fields": {"trim": 1, "category": 2, "price": 299, "description": "<div class=\"row\">\r\n<div class=\"col-md-6 col-sm-6 coverage-list\" style=\"padding-left:0\">\r\n<h3>This coverage includes</h3>\r\n\r\n<div class=\"view-details\">\r\n<h4>Key replacement service:</h4>\r\n\r\n<div style=\"display:flex; margin-bottom:5px\">\r\n<div class=\"arrow_long_list\">&nbsp;</div>\r\n<span style=\"font-family:'GT America'; font-size:18px\">Key Replacement and Remote Replacement if a key is lost or stolen or destroyed</span></div>\r\n\r\n<div style=\"display:flex; margin-bottom:5px\">\r\n<div class=\"arrow_long_list\">&nbsp;</div>\r\n<span style=\"font-family:'GT America'; font-size:18px\">Lockout service covered up to $50 for services of a Plan Locksmith.</span></div>\r\n\r\n<h4>Emergency road service:</h4>\r\n\r\n<div style=\"display:flex; margin-bottom:5px\">\r\n<div class=\"arrow_long_list\">&nbsp;</div>\r\n<span style=\"font-family:'GT America'; font-size:18px\">Tire Service - changing an inflated spare tire from mount to wheel</span></div>\r\n\r\n<div style=\"display:flex; margin-bottom:5px\">\r\n<div class=\"arrow_long_list\">&nbsp;</div>\r\n<span style=\"font-family:'GT America'; font-size:18px\">Battery Service - Attempting to start a vehicle with a booster battery</span></div>\r\n\r\n<div style=\"display:flex; margin-bottom:5px\">\r\n<div class=\"arrow_long_list\">&nbsp;</div>\r\n<span style=\"font-family:'GT America'; font-size:18px\">Delivery Service of emergency supplies - Delivery of an emergency supplies. Member pays for the cost of the materials that are delivered.</span></div>\r\n\r\n<div style=\"display:flex; margin-bottom:5px\">\r\n<div class=\"arrow_long_list\">&nbsp;</div>\r\n<span style=\"font-family:'GT America'; font-size:18px\">Custom Trip Rounting</span></div>\r\n\r\n<div style=\"display:flex; margin-bottom:5px\">\r\n<div class=\"arrow_long_list\">&nbsp;</div>\r\n<span style=\"font-family:'GT America'; font-size:18px\">Auto Rental Discounts from AVIS, Budget, Enterprise, Hertz and National.</span></div>\r\n\r\n<div style=\"display:flex; margin-bottom:5px\">\r\n<div class=\"arrow_long_list\">&nbsp;</div>\r\n<span style=\"font-family:'GT America'; font-size:18px\">Sales tax</span></div>\r\n</div>\r\n\r\n<div class=\"blur-bg\">&nbsp;</div>\r\n</div>\r\n\r\n<div class=\"col-md-6 col-sm-6\"><img alt=\"\" src=\"https://websitehostingexperts.com/api/media/products/2019/06/11/sample-img2.png\" /></div>\r\n</div>\r\n<!-- end of coverge banner section -->", "more_description": "<p>Coverage for replacement of lost or stolen keys. This policy also includes emergency roadside assistance and car rental discounts. Recommended for vehicles with integrated key remotes.</p>", "image": "products/car-sample-52x.png", "slug": "acura-ilx-base/road-key-replacement"}}, {"model": "api.productdetail", "pk": 3, "fields": {"trim": 1, "category": 3, "price": 999, "description": "<div class=\"row\">\r\n<div class=\"col-md-6 col-sm-6 coverage-list\" style=\"padding-left:0\">\r\n<h3>This coverage includes</h3>\r\n\r\n<div class=\"view-details\">\r\n<div style=\"display:flex; margin-bottom:5px\">\r\n<div class=\"arrow_long_list\">&nbsp;</div>\r\n<span style=\"font-family:'GT America'; font-size:18px\">Tires</span></div>\r\n\r\n<div style=\"display:flex; margin-bottom:5px\">\r\n<div class=\"arrow_long_list\">&nbsp;</div>\r\n<span style=\"font-family:'GT America'; font-size:18px\">Scratched and chipped paint</span></div>\r\n\r\n<div style=\"display:flex; margin-bottom:5px\">\r\n<div class=\"arrow_long_list\">&nbsp;</div>\r\n<span style=\"font-family:'GT America'; font-size:18px\">Stains and spotting of upholstery and carpet</span></div>\r\n\r\n<div style=\"display:flex; margin-bottom:5px\">\r\n<div class=\"arrow_long_list\">&nbsp;</div>\r\n<span style=\"font-family:'GT America'; font-size:18px\">Chipped glass</span></div>\r\n\r\n<div style=\"display:flex; margin-bottom:5px\">\r\n<div class=\"arrow_long_list\">&nbsp;</div>\r\n<span style=\"font-family:'GT America'; font-size:18px\">Cracked head lamps</span></div>\r\n\r\n<div style=\"display:flex; margin-bottom:5px\">\r\n<div class=\"arrow_long_list\">&nbsp;</div>\r\n<span style=\"font-family:'GT America'; font-size:18px\">Burned out tail light</span></div>\r\n\r\n<div style=\"display:flex; margin-bottom:5px\">\r\n<div class=\"arrow_long_list\">&nbsp;</div>\r\n<span style=\"font-family:'GT America'; font-size:18px\">Windshield or mirror</span></div>\r\n\r\n<div style=\"display:flex; margin-bottom:5px\">\r\n<div class=\"arrow_long_list\">&nbsp;</div>\r\n<span style=\"font-family:'GT America'; font-size:18px\">Cuts, rips, crackes, burns, stains and spotting to the internal and cargo storage areas</span></div>\r\n\r\n<div style=\"display:flex; margin-bottom:5px\">\r\n<div class=\"arrow_long_list\">&nbsp;</div>\r\n<span style=\"font-family:'GT America'; font-size:18px\">Convertible tops, padded tops and vinyl tops</span></div>\r\n\r\n<div style=\"display:flex; margin-bottom:5px\">\r\n<div class=\"arrow_long_list\">&nbsp;</div>\r\n<span style=\"font-family:'GT America'; font-size:18px\">Molding, trim, bright metal and surrounding trim</span></div>\r\n\r\n<div style=\"display:flex; margin-bottom:5px\">\r\n<div class=\"arrow_long_list\">&nbsp;</div>\r\n<span style=\"font-family:'GT America'; font-size:18px\">Convertible tops, padded tops and vinyl tops</span></div>\r\n\r\n<div style=\"display:flex; margin-bottom:5px\">\r\n<div class=\"arrow_long_list\">&nbsp;</div>\r\n<span style=\"font-family:'GT America'; font-size:18px\">Bumpers, step bumpers and surrounding trim</span></div>\r\n\r\n<div style=\"display:flex; margin-bottom:5px\">\r\n<div class=\"arrow_long_list\">&nbsp;</div>\r\n<span style=\"font-family:'GT America'; font-size:18px\">Antennae</span></div>\r\n\r\n<div style=\"display:flex; margin-bottom:5px\">\r\n<div class=\"arrow_long_list\">&nbsp;</div>\r\n<span style=\"font-family:'GT America'; font-size:18px\">Name plate badge sand hood ornaments</span></div>\r\n\r\n<div style=\"display:flex; margin-bottom:5px\">\r\n<div class=\"arrow_long_list\">&nbsp;</div>\r\n<span style=\"font-family:'GT America'; font-size:18px\">Door, trunk and hatch handles</span></div>\r\n\r\n<div style=\"display:flex; margin-bottom:5px\">\r\n<div class=\"arrow_long_list\">&nbsp;</div>\r\n<span style=\"font-family:'GT America'; font-size:18px\">Scratches, chips, pits, rust, corrosion and cracks</span></div>\r\n\r\n<div style=\"display:flex; margin-bottom:5px\">\r\n<div class=\"arrow_long_list\">&nbsp;</div>\r\n<span style=\"font-family:'GT America'; font-size:18px\">Front and rear door, hatch and tailgate rubber deals</span></div>\r\n\r\n<div style=\"display:flex; margin-bottom:5px\">\r\n<div class=\"arrow_long_list\">&nbsp;</div>\r\n<span style=\"font-family:'GT America'; font-size:18px\">Lenses of head lamps, rear lamps and fog lights</span></div>\r\n\r\n<div style=\"display:flex; margin-bottom:5px\">\r\n<div class=\"arrow_long_list\">&nbsp;</div>\r\n<span style=\"font-family:'GT America'; font-size:18px\">Tail, turn signal and brake light lenses, sealed beams and halogen and light bulbs</span></div>\r\n\r\n<div style=\"display:flex; margin-bottom:5px\">\r\n<div class=\"arrow_long_list\">&nbsp;</div>\r\n<span style=\"font-family:'GT America'; font-size:18px\">Discoloration, stone bruises, sand damage and pits.</span></div>\r\n</div>\r\n\r\n<div class=\"blur-bg\">&nbsp;</div>\r\n</div>\r\n\r\n<div class=\"col-md-6 col-sm-6\"><img alt=\"\" class=\"img-responsive\" src=\"https://websitehostingexperts.com/api//media/products/2019/06/11/car-img_yOqJgQh.png\" /></div>\r\n</div>\r\n<!-- end of coverge banner section -->", "more_description": "<p>Coverage for cosmetic repairs to paint and upholstery, chipped or cracked glass burned out bulbs, and more. Recommended for all leased vehicles.</p>", "image": "products/excess-wear-and-tear-coverage2x.png", "slug": "acura-ilx-base/excess-wear-and-tear"}}, {"model": "api.productdetail", "pk": 4, "fields": {"trim": 1, "category": 4, "price": 899, "description": "<div class=\"row\">\r\n<div class=\"col-md-6 col-sm-6 coverage-list\" style=\"padding-left:0\">\r\n<h3>This coverage includes</h3>\r\n\r\n<div class=\"view-details\">\r\n<h4>From major causes of road hazards and yourself with roadside assistance including:</h4>\r\n\r\n<div style=\"display:flex; margin-bottom:5px\">\r\n<div class=\"arrow_long_list\">&nbsp;</div>\r\n<span style=\"font-family:'GT America'; font-size:18px\">Debris</span></div>\r\n\r\n<div style=\"display:flex; margin-bottom:5px\">\r\n<div class=\"arrow_long_list\">&nbsp;</div>\r\n<span style=\"font-family:'GT America'; font-size:18px\">Potholes</span></div>\r\n\r\n<div style=\"display:flex; margin-bottom:5px\">\r\n<div class=\"arrow_long_list\">&nbsp;</div>\r\n<span style=\"font-family:'GT America'; font-size:18px\">Metal</span></div>\r\n\r\n<div style=\"display:flex; margin-bottom:5px\">\r\n<div class=\"arrow_long_list\">&nbsp;</div>\r\n<span style=\"font-family:'GT America'; font-size:18px\">Glass</span></div>\r\n\r\n<div style=\"display:flex; margin-bottom:5px\">\r\n<div class=\"arrow_long_list\">&nbsp;</div>\r\n<span style=\"font-family:'GT America'; font-size:18px\">Nails</span></div>\r\n\r\n<h4>100 percent repair or replacement reimbursement coverage for:</h4>\r\n\r\n<div style=\"display:flex; margin-bottom:5px\">\r\n<div class=\"arrow_long_list\">&nbsp;</div>\r\n<span style=\"font-family:'GT America'; font-size:18px\">Tires and mounting</span></div>\r\n\r\n<div style=\"display:flex; margin-bottom:5px\">\r\n<div class=\"arrow_long_list\">&nbsp;</div>\r\n<span style=\"font-family:'GT America'; font-size:18px\">Valve stems</span></div>\r\n\r\n<div style=\"display:flex; margin-bottom:5px\">\r\n<div class=\"arrow_long_list\">&nbsp;</div>\r\n<span style=\"font-family:'GT America'; font-size:18px\">Wheels</span></div>\r\n\r\n<div style=\"display:flex; margin-bottom:5px\">\r\n<div class=\"arrow_long_list\">&nbsp;</div>\r\n<span style=\"font-family:'GT America'; font-size:18px\">Tire balancing</span></div>\r\n\r\n<div style=\"display:flex; margin-bottom:5px\">\r\n<div class=\"arrow_long_list\">&nbsp;</div>\r\n<span style=\"font-family:'GT America'; font-size:18px\">Customary labor charges</span></div>\r\n\r\n<div style=\"display:flex; margin-bottom:5px\">\r\n<div class=\"arrow_long_list\">&nbsp;</div>\r\n<span style=\"font-family:'GT America'; font-size:18px\">Sales tax</span></div>\r\n\r\n<h4>Bonus</h4>\r\n\r\n<div style=\"display:flex; margin-bottom:5px\">\r\n<div class=\"arrow_long_list\">&nbsp;</div>\r\n<span style=\"font-family:'GT America'; font-size:18px\">Toll-free sign and drive roadside</span></div>\r\n\r\n<div style=\"display:flex; margin-bottom:5px\">\r\n<div class=\"arrow_long_list\">&nbsp;</div>\r\n<span style=\"font-family:'GT America'; font-size:18px\">Service for tie and wheel related emergencies 24 hours a day, 7 days a week, 365 days a year, anywhere nationwide</span></div>\r\n</div>\r\n\r\n<div class=\"blur-bg\">&nbsp;</div>\r\n</div>\r\n\r\n<div class=\"col-md-6 col-sm-6\">\r\n<div><img alt=\"\" src=\"https://websitehostingexperts.com/api/media/products/2019/06/11/car-sample.png\" /></div>\r\n</div>\r\n</div>\r\n<!-- end of coverge banner section -->", "more_description": "Includes 24 hour nationwide roadside assistance and 100% repair or replacement of tires and wheels. Recommended for leased vehicles with wheels that are 17 inches or larger.", "image": "products/tire-wheel_ggT6MRB.png", "slug": "acura-ilx-base/tire-and-wheel"}}, {"model": "api.productdetail", "pk": 5, "fields": {"trim": 8, "category": 4, "price": 344, "description": "<div class=\"row\">\r\n<div class=\"col-md-6 col-sm-6 coverage-list\" style=\"padding-left:0\">\r\n<h3>This coverage includes</h3>\r\n\r\n<div class=\"view-details\">\r\n<h4>From major causes of road hazards and yourself with roadside assistance including:</h4>\r\n\r\n<div style=\"display:flex; margin-bottom:5px\">\r\n<div class=\"arrow_long_list\">&nbsp;</div>\r\n<span style=\"font-family:'GT America'; font-size:18px\">Debris</span></div>\r\n\r\n<div style=\"display:flex; margin-bottom:5px\">\r\n<div class=\"arrow_long_list\">&nbsp;</div>\r\n<span style=\"font-family:'GT America'; font-size:18px\">Potholes</span></div>\r\n\r\n<div style=\"display:flex; margin-bottom:5px\">\r\n<div class=\"arrow_long_list\">&nbsp;</div>\r\n<span style=\"font-family:'GT America'; font-size:18px\">Metal</span></div>\r\n\r\n<div style=\"display:flex; margin-bottom:5px\">\r\n<div class=\"arrow_long_list\">&nbsp;</div>\r\n<span style=\"font-family:'GT America'; font-size:18px\">Glass</span></div>\r\n\r\n<div style=\"display:flex; margin-bottom:5px\">\r\n<div class=\"arrow_long_list\">&nbsp;</div>\r\n<span style=\"font-family:'GT America'; font-size:18px\">Nails</span></div>\r\n\r\n<h4>100 percent repair or replacement reimbursement coverage for:</h4>\r\n\r\n<div style=\"display:flex; margin-bottom:5px\">\r\n<div class=\"arrow_long_list\">&nbsp;</div>\r\n<span style=\"font-family:'GT America'; font-size:18px\">Tires and mounting</span></div>\r\n\r\n<div style=\"display:flex; margin-bottom:5px\">\r\n<div class=\"arrow_long_list\">&nbsp;</div>\r\n<span style=\"font-family:'GT America'; font-size:18px\">Valve stems</span></div>\r\n\r\n<div style=\"display:flex; margin-bottom:5px\">\r\n<div class=\"arrow_long_list\">&nbsp;</div>\r\n<span style=\"font-family:'GT America'; font-size:18px\">Wheels</span></div>\r\n\r\n<div style=\"display:flex; margin-bottom:5px\">\r\n<div class=\"arrow_long_list\">&nbsp;</div>\r\n<span style=\"font-family:'GT America'; font-size:18px\">Tire balancing</span></div>\r\n\r\n<div style=\"display:flex; margin-bottom:5px\">\r\n<div class=\"arrow_long_list\">&nbsp;</div>\r\n<span style=\"font-family:'GT America'; font-size:18px\">Customary labor charges</span></div>\r\n\r\n<div style=\"display:flex; margin-bottom:5px\">\r\n<div class=\"arrow_long_list\">&nbsp;</div>\r\n<span style=\"font-family:'GT America'; font-size:18px\">Sales tax</span></div>\r\n\r\n<h4>Bonus</h4>\r\n\r\n<div style=\"display:flex; margin-bottom:5px\">\r\n<div class=\"arrow_long_list\">&nbsp;</div>\r\n<span style=\"font-family:'GT America'; font-size:18px\">Toll-free sign and drive roadside</span></div>\r\n\r\n<div style=\"display:flex; margin-bottom:5px\">\r\n<div class=\"arrow_long_list\">&nbsp;</div>\r\n<span style=\"font-family:'GT America'; font-size:18px\">Service for tie and wheel related emergencies 24 hours a day, 7 days a week, 365 days a year, anywhere nationwide</span></div>\r\n</div>\r\n\r\n<div class=\"blur-bg\">&nbsp;</div>\r\n</div>\r\n\r\n<div class=\"col-md-6 col-sm-6\">\r\n<div><img alt=\"\" src=\"https://websitehostingexperts.com/api/media/products/2019/06/11/car-sample.png\" /></div>\r\n</div>\r\n</div>\r\n<!-- end of coverge banner section -->", "more_description": "Includes 24 hour nationwide roadside assistance and 100% repair or replacement of tires and wheels. Recommended for leased vehicles with wheels that are 17 inches or larger.", "image": "products/natural-intimacy-logo-1521200124.jpg", "slug": "maruti-swift-dzire-vxi/tire-and-wheel"}}, {"model": "api.productdetail", "pk": 6, "fields": {"trim": 10, "category": 3, "price": 1122, "description": "<div class=\"row\">\r\n<div class=\"col-md-6 col-sm-6 coverage-list\" style=\"padding-left:0\">\r\n<h3>This coverage includes</h3>\r\n\r\n<div class=\"view-details\">\r\n<div style=\"display:flex; margin-bottom:5px\">\r\n<div class=\"arrow_long_list\">&nbsp;</div>\r\n<span style=\"font-family:'GT America'; font-size:18px\">Tires</span></div>\r\n\r\n<div style=\"display:flex; margin-bottom:5px\">\r\n<div class=\"arrow_long_list\">&nbsp;</div>\r\n<span style=\"font-family:'GT America'; font-size:18px\">Scratched and chipped paint</span></div>\r\n\r\n<div style=\"display:flex; margin-bottom:5px\">\r\n<div class=\"arrow_long_list\">&nbsp;</div>\r\n<span style=\"font-family:'GT America'; font-size:18px\">Stains and spotting of upholstery and carpet</span></div>\r\n\r\n<div style=\"display:flex; margin-bottom:5px\">\r\n<div class=\"arrow_long_list\">&nbsp;</div>\r\n<span style=\"font-family:'GT America'; font-size:18px\">Chipped glass</span></div>\r\n\r\n<div style=\"display:flex; margin-bottom:5px\">\r\n<div class=\"arrow_long_list\">&nbsp;</div>\r\n<span style=\"font-family:'GT America'; font-size:18px\">Cracked head lamps</span></div>\r\n\r\n<div style=\"display:flex; margin-bottom:5px\">\r\n<div class=\"arrow_long_list\">&nbsp;</div>\r\n<span style=\"font-family:'GT America'; font-size:18px\">Burned out tail light</span></div>\r\n\r\n<div style=\"display:flex; margin-bottom:5px\">\r\n<div class=\"arrow_long_list\">&nbsp;</div>\r\n<span style=\"font-family:'GT America'; font-size:18px\">Windshield or mirror</span></div>\r\n\r\n<div style=\"display:flex; margin-bottom:5px\">\r\n<div class=\"arrow_long_list\">&nbsp;</div>\r\n<span style=\"font-family:'GT America'; font-size:18px\">Cuts, rips, crackes, burns, stains and spotting to the internal and cargo storage areas</span></div>\r\n\r\n<div style=\"display:flex; margin-bottom:5px\">\r\n<div class=\"arrow_long_list\">&nbsp;</div>\r\n<span style=\"font-family:'GT America'; font-size:18px\">Convertible tops, padded tops and vinyl tops</span></div>\r\n\r\n<div style=\"display:flex; margin-bottom:5px\">\r\n<div class=\"arrow_long_list\">&nbsp;</div>\r\n<span style=\"font-family:'GT America'; font-size:18px\">Molding, trim, bright metal and surrounding trim</span></div>\r\n\r\n<div style=\"display:flex; margin-bottom:5px\">\r\n<div class=\"arrow_long_list\">&nbsp;</div>\r\n<span style=\"font-family:'GT America'; font-size:18px\">Convertible tops, padded tops and vinyl tops</span></div>\r\n\r\n<div style=\"display:flex; margin-bottom:5px\">\r\n<div class=\"arrow_long_list\">&nbsp;</div>\r\n<span style=\"font-family:'GT America'; font-size:18px\">Bumpers, step bumpers and surrounding trim</span></div>\r\n\r\n<div style=\"display:flex; margin-bottom:5px\">\r\n<div class=\"arrow_long_list\">&nbsp;</div>\r\n<span style=\"font-family:'GT America'; font-size:18px\">Antennae</span></div>\r\n\r\n<div style=\"display:flex; margin-bottom:5px\">\r\n<div class=\"arrow_long_list\">&nbsp;</div>\r\n<span style=\"font-family:'GT America'; font-size:18px\">Name plate badge sand hood ornaments</span></div>\r\n\r\n<div style=\"display:flex; margin-bottom:5px\">\r\n<div class=\"arrow_long_list\">&nbsp;</div>\r\n<span style=\"font-family:'GT America'; font-size:18px\">Door, trunk and hatch handles</span></div>\r\n\r\n<div style=\"display:flex; margin-bottom:5px\">\r\n<div class=\"arrow_long_list\">&nbsp;</div>\r\n<span style=\"font-family:'GT America'; font-size:18px\">Scratches, chips, pits, rust, corrosion and cracks</span></div>\r\n\r\n<div style=\"display:flex; margin-bottom:5px\">\r\n<div class=\"arrow_long_list\">&nbsp;</div>\r\n<span style=\"font-family:'GT America'; font-size:18px\">Front and rear door, hatch and tailgate rubber deals</span></div>\r\n\r\n<div style=\"display:flex; margin-bottom:5px\">\r\n<div class=\"arrow_long_list\">&nbsp;</div>\r\n<span style=\"font-family:'GT America'; font-size:18px\">Lenses of head lamps, rear lamps and fog lights</span></div>\r\n\r\n<div style=\"display:flex; margin-bottom:5px\">\r\n<div class=\"arrow_long_list\">&nbsp;</div>\r\n<span style=\"font-family:'GT America'; font-size:18px\">Tail, turn signal and brake light lenses, sealed beams and halogen and light bulbs</span></div>\r\n\r\n<div style=\"display:flex; margin-bottom:5px\">\r\n<div class=\"arrow_long_list\">&nbsp;</div>\r\n<span style=\"font-family:'GT America'; font-size:18px\">Discoloration, stone bruises, sand damage and pits.</span></div>\r\n</div>\r\n\r\n<div class=\"blur-bg\">&nbsp;</div>\r\n</div>\r\n\r\n<div class=\"col-md-6 col-sm-6\"><img alt=\"\" class=\"img-responsive\" src=\"https://websitehostingexperts.com/api//media/products/2019/06/11/car-img_yOqJgQh.png\" /></div>\r\n</div>\r\n<!-- end of coverge banner section -->", "more_description": "<p>Coverage for cosmetic repairs to paint and upholstery, chipped or cracked glass burned out bulbs, and more. Recommended for all leased vehicles.</p>", "image": "products/car-sample-62x_3gxirNl.png", "slug": "land-rover-range-rover-velar-test-d180-st/excess-wear-and-tear"}}, {"model": "api.productdetail", "pk": 7, "fields": {"trim": 9, "category": 3, "price": 399, "description": "<div class=\"row\">\r\n<div class=\"col-md-6 col-sm-6 coverage-list\" style=\"padding-left:0\">\r\n<h3>This coverage includes</h3>\r\n\r\n<div class=\"view-details\">\r\n<div style=\"display:flex; margin-bottom:5px\">\r\n<div class=\"arrow_long_list\">&nbsp;</div>\r\n<span style=\"font-family:'GT America'; font-size:18px\">Tires</span></div>\r\n\r\n<div style=\"display:flex; margin-bottom:5px\">\r\n<div class=\"arrow_long_list\">&nbsp;</div>\r\n<span style=\"font-family:'GT America'; font-size:18px\">Scratched and chipped paint</span></div>\r\n\r\n<div style=\"display:flex; margin-bottom:5px\">\r\n<div class=\"arrow_long_list\">&nbsp;</div>\r\n<span style=\"font-family:'GT America'; font-size:18px\">Stains and spotting of upholstery and carpet</span></div>\r\n\r\n<div style=\"display:flex; margin-bottom:5px\">\r\n<div class=\"arrow_long_list\">&nbsp;</div>\r\n<span style=\"font-family:'GT America'; font-size:18px\">Chipped glass</span></div>\r\n\r\n<div style=\"display:flex; margin-bottom:5px\">\r\n<div class=\"arrow_long_list\">&nbsp;</div>\r\n<span style=\"font-family:'GT America'; font-size:18px\">Cracked head lamps</span></div>\r\n\r\n<div style=\"display:flex; margin-bottom:5px\">\r\n<div class=\"arrow_long_list\">&nbsp;</div>\r\n<span style=\"font-family:'GT America'; font-size:18px\">Burned out tail light</span></div>\r\n\r\n<div style=\"display:flex; margin-bottom:5px\">\r\n<div class=\"arrow_long_list\">&nbsp;</div>\r\n<span style=\"font-family:'GT America'; font-size:18px\">Windshield or mirror</span></div>\r\n\r\n<div style=\"display:flex; margin-bottom:5px\">\r\n<div class=\"arrow_long_list\">&nbsp;</div>\r\n<span style=\"font-family:'GT America'; font-size:18px\">Cuts, rips, crackes, burns, stains and spotting to the internal and cargo storage areas</span></div>\r\n\r\n<div style=\"display:flex; margin-bottom:5px\">\r\n<div class=\"arrow_long_list\">&nbsp;</div>\r\n<span style=\"font-family:'GT America'; font-size:18px\">Convertible tops, padded tops and vinyl tops</span></div>\r\n\r\n<div style=\"display:flex; margin-bottom:5px\">\r\n<div class=\"arrow_long_list\">&nbsp;</div>\r\n<span style=\"font-family:'GT America'; font-size:18px\">Molding, trim, bright metal and surrounding trim</span></div>\r\n\r\n<div style=\"display:flex; margin-bottom:5px\">\r\n<div class=\"arrow_long_list\">&nbsp;</div>\r\n<span style=\"font-family:'GT America'; font-size:18px\">Convertible tops, padded tops and vinyl tops</span></div>\r\n\r\n<div style=\"display:flex; margin-bottom:5px\">\r\n<div class=\"arrow_long_list\">&nbsp;</div>\r\n<span style=\"font-family:'GT America'; font-size:18px\">Bumpers, step bumpers and surrounding trim</span></div>\r\n\r\n<div style=\"display:flex; margin-bottom:5px\">\r\n<div class=\"arrow_long_list\">&nbsp;</div>\r\n<span style=\"font-family:'GT America'; font-size:18px\">Antennae</span></div>\r\n\r\n<div style=\"display:flex; margin-bottom:5px\">\r\n<div class=\"arrow_long_list\">&nbsp;</div>\r\n<span style=\"font-family:'GT America'; font-size:18px\">Name plate badge sand hood ornaments</span></div>\r\n\r\n<div style=\"display:flex; margin-bottom:5px\">\r\n<div class=\"arrow_long_list\">&nbsp;</div>\r\n<span style=\"font-family:'GT America'; font-size:18px\">Door, trunk and hatch handles</span></div>\r\n\r\n<div style=\"display:flex; margin-bottom:5px\">\r\n<div class=\"arrow_long_list\">&nbsp;</div>\r\n<span style=\"font-family:'GT America'; font-size:18px\">Scratches, chips, pits, rust, corrosion and cracks</span></div>\r\n\r\n<div style=\"display:flex; margin-bottom:5px\">\r\n<div class=\"arrow_long_list\">&nbsp;</div>\r\n<span style=\"font-family:'GT America'; font-size:18px\">Front and rear door, hatch and tailgate rubber deals</span></div>\r\n\r\n<div style=\"display:flex; margin-bottom:5px\">\r\n<div class=\"arrow_long_list\">&nbsp;</div>\r\n<span style=\"font-family:'GT America'; font-size:18px\">Lenses of head lamps, rear lamps and fog lights</span></div>\r\n\r\n<div style=\"display:flex; margin-bottom:5px\">\r\n<div class=\"arrow_long_list\">&nbsp;</div>\r\n<span style=\"font-family:'GT America'; font-size:18px\">Tail, turn signal and brake light lenses, sealed beams and halogen and light bulbs</span></div>\r\n\r\n<div style=\"display:flex; margin-bottom:5px\">\r\n<div class=\"arrow_long_list\">&nbsp;</div>\r\n<span style=\"font-family:'GT America'; font-size:18px\">Discoloration, stone bruises, sand damage and pits.</span></div>\r\n</div>\r\n\r\n<div class=\"blur-bg\">&nbsp;</div>\r\n</div>\r\n\r\n<div class=\"col-md-6 col-sm-6\"><img alt=\"\" class=\"img-responsive\" src=\"https://websitehostingexperts.com/api//media/products/2019/06/11/car-img_yOqJgQh.png\" /></div>\r\n</div>\r\n<!-- end of coverge banner section -->", "more_description": "<div class=\"row\">\r\n<div class=\"col-md-6 col-sm-6 coverage-list\" style=\"padding-left:0\">\r\n<h3>Coverage for cosmetic repairs to paint and upholstery, chipped or cracked glass burned out bulbs, and more. Recommended for all leased vehicles.</h3>\r\n</div>\r\n</div>\r\n<!-- end of coverge banner section -->", "image": "products/stripe_RBQ0L3K.png", "slug": "land-rover-range-rover-velar-d180-s/excess-wear-and-tear"}}, {"model": "api.productdetail", "pk": 8, "fields": {"trim": 11, "category": 3, "price": 599, "description": "<p>Coverage for cosmetic repairs to paint and upholstery, chipped or cracked glass burned out bulbs, and more. Recommended for all leased vehicles.</p>", "more_description": "<div class=\"row\">\r\n<div class=\"col-md-6 col-sm-6 coverage-list\" style=\"padding-left:0\">\r\n<h3>This coverage includes</h3>\r\n\r\n<div class=\"view-details\">\r\n<div style=\"display:flex; margin-bottom:5px\">\r\n<div class=\"arrow_long_list\">&nbsp;</div>\r\n<span style=\"font-family:'GT America'; font-size:18px\">Tires</span></div>\r\n\r\n<div style=\"display:flex; margin-bottom:5px\">\r\n<div class=\"arrow_long_list\">&nbsp;</div>\r\n<span style=\"font-family:'GT America'; font-size:18px\">Scratched and chipped paint</span></div>\r\n\r\n<div style=\"display:flex; margin-bottom:5px\">\r\n<div class=\"arrow_long_list\">&nbsp;</div>\r\n<span style=\"font-family:'GT America'; font-size:18px\">Stains and spotting of upholstery and carpet</span></div>\r\n\r\n<div style=\"display:flex; margin-bottom:5px\">\r\n<div class=\"arrow_long_list\">&nbsp;</div>\r\n<span style=\"font-family:'GT America'; font-size:18px\">Chipped glass</span></div>\r\n\r\n<div style=\"display:flex; margin-bottom:5px\">\r\n<div class=\"arrow_long_list\">&nbsp;</div>\r\n<span style=\"font-family:'GT America'; font-size:18px\">Cracked head lamps</span></div>\r\n\r\n<div style=\"display:flex; margin-bottom:5px\">\r\n<div class=\"arrow_long_list\">&nbsp;</div>\r\n<span style=\"font-family:'GT America'; font-size:18px\">Burned out tail light</span></div>\r\n\r\n<div style=\"display:flex; margin-bottom:5px\">\r\n<div class=\"arrow_long_list\">&nbsp;</div>\r\n<span style=\"font-family:'GT America'; font-size:18px\">Windshield or mirror</span></div>\r\n\r\n<div style=\"display:flex; margin-bottom:5px\">\r\n<div class=\"arrow_long_list\">&nbsp;</div>\r\n<span style=\"font-family:'GT America'; font-size:18px\">Cuts, rips, crackes, burns, stains and spotting to the internal and cargo storage areas</span></div>\r\n\r\n<div style=\"display:flex; margin-bottom:5px\">\r\n<div class=\"arrow_long_list\">&nbsp;</div>\r\n<span style=\"font-family:'GT America'; font-size:18px\">Convertible tops, padded tops and vinyl tops</span></div>\r\n\r\n<div style=\"display:flex; margin-bottom:5px\">\r\n<div class=\"arrow_long_list\">&nbsp;</div>\r\n<span style=\"font-family:'GT America'; font-size:18px\">Molding, trim, bright metal and surrounding trim</span></div>\r\n\r\n<div style=\"display:flex; margin-bottom:5px\">\r\n<div class=\"arrow_long_list\">&nbsp;</div>\r\n<span style=\"font-family:'GT America'; font-size:18px\">Convertible tops, padded tops and vinyl tops</span></div>\r\n\r\n<div style=\"display:flex; margin-bottom:5px\">\r\n<div class=\"arrow_long_list\">&nbsp;</div>\r\n<span style=\"font-family:'GT America'; font-size:18px\">Bumpers, step bumpers and surrounding trim</span></div>\r\n\r\n<div style=\"display:flex; margin-bottom:5px\">\r\n<div class=\"arrow_long_list\">&nbsp;</div>\r\n<span style=\"font-family:'GT America'; font-size:18px\">Antennae</span></div>\r\n\r\n<div style=\"display:flex; margin-bottom:5px\">\r\n<div class=\"arrow_long_list\">&nbsp;</div>\r\n<span style=\"font-family:'GT America'; font-size:18px\">Name plate badge sand hood ornaments</span></div>\r\n\r\n<div style=\"display:flex; margin-bottom:5px\">\r\n<div class=\"arrow_long_list\">&nbsp;</div>\r\n<span style=\"font-family:'GT America'; font-size:18px\">Door, trunk and hatch handles</span></div>\r\n\r\n<div style=\"display:flex; margin-bottom:5px\">\r\n<div class=\"arrow_long_list\">&nbsp;</div>\r\n<span style=\"font-family:'GT America'; font-size:18px\">Scratches, chips, pits, rust, corrosion and cracks</span></div>\r\n\r\n<div style=\"display:flex; margin-bottom:5px\">\r\n<div class=\"arrow_long_list\">&nbsp;</div>\r\n<span style=\"font-family:'GT America'; font-size:18px\">Front and rear door, hatch and tailgate rubber deals</span></div>\r\n\r\n<div style=\"display:flex; margin-bottom:5px\">\r\n<div class=\"arrow_long_list\">&nbsp;</div>\r\n<span style=\"font-family:'GT America'; font-size:18px\">Lenses of head lamps, rear lamps and fog lights</span></div>\r\n\r\n<div style=\"display:flex; margin-bottom:5px\">\r\n<div class=\"arrow_long_list\">&nbsp;</div>\r\n<span style=\"font-family:'GT America'; font-size:18px\">Tail, turn signal and brake light lenses, sealed beams and halogen and light bulbs</span></div>\r\n\r\n<div style=\"display:flex; margin-bottom:5px\">\r\n<div class=\"arrow_long_list\">&nbsp;</div>\r\n<span style=\"font-family:'GT America'; font-size:18px\">Discoloration, stone bruises, sand damage and pits.</span></div>\r\n</div>\r\n\r\n<div class=\"blur-bg\">&nbsp;</div>\r\n</div>\r\n\r\n<div class=\"col-md-6 col-sm-6\"><img alt=\"\" class=\"img-responsive\" src=\"https://websitehostingexperts.com/api//media/products/2019/06/11/car-img_yOqJgQh.png\" /></div>\r\n</div>\r\n<!-- end of coverge banner section -->", "image": "products/menu.png", "slug": "land-rover-discovery-sport-hse-dynamic/excess-wear-and-tear"}}, {"model": "api.productdetail", "pk": 9, "fields": {"trim": 12, "category": 3, "price": 599, "description": "<div class=\"row\">\r\n<div class=\"col-md-6 col-sm-6 coverage-list\" style=\"padding-left:0\">\r\n<h3>This coverage includes</h3>\r\n\r\n<div class=\"view-details\">\r\n<div style=\"display:flex; margin-bottom:5px\">\r\n<div class=\"arrow_long_list\">&nbsp;</div>\r\n<span style=\"font-family:'GT America'; font-size:18px\">Tires</span></div>\r\n\r\n<div style=\"display:flex; margin-bottom:5px\">\r\n<div class=\"arrow_long_list\">&nbsp;</div>\r\n<span style=\"font-family:'GT America'; font-size:18px\">Scratched and chipped paint</span></div>\r\n\r\n<div style=\"display:flex; margin-bottom:5px\">\r\n<div class=\"arrow_long_list\">&nbsp;</div>\r\n<span style=\"font-family:'GT America'; font-size:18px\">Stains and spotting of upholstery and carpet</span></div>\r\n\r\n<div style=\"display:flex; margin-bottom:5px\">\r\n<div class=\"arrow_long_list\">&nbsp;</div>\r\n<span style=\"font-family:'GT America'; font-size:18px\">Chipped glass</span></div>\r\n\r\n<div style=\"display:flex; margin-bottom:5px\">\r\n<div class=\"arrow_long_list\">&nbsp;</div>\r\n<span style=\"font-family:'GT America'; font-size:18px\">Cracked head lamps</span></div>\r\n\r\n<div style=\"display:flex; margin-bottom:5px\">\r\n<div class=\"arrow_long_list\">&nbsp;</div>\r\n<span style=\"font-family:'GT America'; font-size:18px\">Burned out tail light</span></div>\r\n\r\n<div style=\"display:flex; margin-bottom:5px\">\r\n<div class=\"arrow_long_list\">&nbsp;</div>\r\n<span style=\"font-family:'GT America'; font-size:18px\">Windshield or mirror</span></div>\r\n\r\n<div style=\"display:flex; margin-bottom:5px\">\r\n<div class=\"arrow_long_list\">&nbsp;</div>\r\n<span style=\"font-family:'GT America'; font-size:18px\">Cuts, rips, crackes, burns, stains and spotting to the internal and cargo storage areas</span></div>\r\n\r\n<div style=\"display:flex; margin-bottom:5px\">\r\n<div class=\"arrow_long_list\">&nbsp;</div>\r\n<span style=\"font-family:'GT America'; font-size:18px\">Convertible tops, padded tops and vinyl tops</span></div>\r\n\r\n<div style=\"display:flex; margin-bottom:5px\">\r\n<div class=\"arrow_long_list\">&nbsp;</div>\r\n<span style=\"font-family:'GT America'; font-size:18px\">Molding, trim, bright metal and surrounding trim</span></div>\r\n\r\n<div style=\"display:flex; margin-bottom:5px\">\r\n<div class=\"arrow_long_list\">&nbsp;</div>\r\n<span style=\"font-family:'GT America'; font-size:18px\">Convertible tops, padded tops and vinyl tops</span></div>\r\n\r\n<div style=\"display:flex; margin-bottom:5px\">\r\n<div class=\"arrow_long_list\">&nbsp;</div>\r\n<span style=\"font-family:'GT America'; font-size:18px\">Bumpers, step bumpers and surrounding trim</span></div>\r\n\r\n<div style=\"display:flex; margin-bottom:5px\">\r\n<div class=\"arrow_long_list\">&nbsp;</div>\r\n<span style=\"font-family:'GT America'; font-size:18px\">Antennae</span></div>\r\n\r\n<div style=\"display:flex; margin-bottom:5px\">\r\n<div class=\"arrow_long_list\">&nbsp;</div>\r\n<span style=\"font-family:'GT America'; font-size:18px\">Name plate badge sand hood ornaments</span></div>\r\n\r\n<div style=\"display:flex; margin-bottom:5px\">\r\n<div class=\"arrow_long_list\">&nbsp;</div>\r\n<span style=\"font-family:'GT America'; font-size:18px\">Door, trunk and hatch handles</span></div>\r\n\r\n<div style=\"display:flex; margin-bottom:5px\">\r\n<div class=\"arrow_long_list\">&nbsp;</div>\r\n<span style=\"font-family:'GT America'; font-size:18px\">Scratches, chips, pits, rust, corrosion and cracks</span></div>\r\n\r\n<div style=\"display:flex; margin-bottom:5px\">\r\n<div class=\"arrow_long_list\">&nbsp;</div>\r\n<span style=\"font-family:'GT America'; font-size:18px\">Front and rear door, hatch and tailgate rubber deals</span></div>\r\n\r\n<div style=\"display:flex; margin-bottom:5px\">\r\n<div class=\"arrow_long_list\">&nbsp;</div>\r\n<span style=\"font-family:'GT America'; font-size:18px\">Lenses of head lamps, rear lamps and fog lights</span></div>\r\n\r\n<div style=\"display:flex; margin-bottom:5px\">\r\n<div class=\"arrow_long_list\">&nbsp;</div>\r\n<span style=\"font-family:'GT America'; font-size:18px\">Tail, turn signal and brake light lenses, sealed beams and halogen and light bulbs</span></div>\r\n\r\n<div style=\"display:flex; margin-bottom:5px\">\r\n<div class=\"arrow_long_list\">&nbsp;</div>\r\n<span style=\"font-family:'GT America'; font-size:18px\">Discoloration, stone bruises, sand damage and pits.</span></div>\r\n</div>\r\n\r\n<div class=\"blur-bg\">&nbsp;</div>\r\n</div>\r\n\r\n<div class=\"col-md-6 col-sm-6\"><img alt=\"\" class=\"img-responsive\" src=\"https://websitehostingexperts.com/api//media/products/2019/06/11/car-img_yOqJgQh.png\" /></div>\r\n</div>\r\n<!-- end of coverge banner section -->", "more_description": "<div class=\"row\">\r\n<div class=\"col-md-6 col-sm-6 coverage-list\" style=\"padding-left:0\">\r\n<h3>This coverage includes</h3>\r\n\r\n<div class=\"view-details\">\r\n<div style=\"display:flex; margin-bottom:5px\">\r\n<div class=\"arrow_long_list\">&nbsp;</div>\r\n<span style=\"font-family:'GT America'; font-size:18px\">Tires</span></div>\r\n\r\n<div style=\"display:flex; margin-bottom:5px\">\r\n<div class=\"arrow_long_list\">&nbsp;</div>\r\n<span style=\"font-family:'GT America'; font-size:18px\">Scratched and chipped paint</span></div>\r\n\r\n<div style=\"display:flex; margin-bottom:5px\">\r\n<div class=\"arrow_long_list\">&nbsp;</div>\r\n<span style=\"font-family:'GT America'; font-size:18px\">Stains and spotting of upholstery and carpet</span></div>\r\n\r\n<div style=\"display:flex; margin-bottom:5px\">\r\n<div class=\"arrow_long_list\">&nbsp;</div>\r\n<span style=\"font-family:'GT America'; font-size:18px\">Chipped glass</span></div>\r\n\r\n<div style=\"display:flex; margin-bottom:5px\">\r\n<div class=\"arrow_long_list\">&nbsp;</div>\r\n<span style=\"font-family:'GT America'; font-size:18px\">Cracked head lamps</span></div>\r\n\r\n<div style=\"display:flex; margin-bottom:5px\">\r\n<div class=\"arrow_long_list\">&nbsp;</div>\r\n<span style=\"font-family:'GT America'; font-size:18px\">Burned out tail light</span></div>\r\n\r\n<div style=\"display:flex; margin-bottom:5px\">\r\n<div class=\"arrow_long_list\">&nbsp;</div>\r\n<span style=\"font-family:'GT America'; font-size:18px\">Windshield or mirror</span></div>\r\n\r\n<div style=\"display:flex; margin-bottom:5px\">\r\n<div class=\"arrow_long_list\">&nbsp;</div>\r\n<span style=\"font-family:'GT America'; font-size:18px\">Cuts, rips, crackes, burns, stains and spotting to the internal and cargo storage areas</span></div>\r\n\r\n<div style=\"display:flex; margin-bottom:5px\">\r\n<div class=\"arrow_long_list\">&nbsp;</div>\r\n<span style=\"font-family:'GT America'; font-size:18px\">Convertible tops, padded tops and vinyl tops</span></div>\r\n\r\n<div style=\"display:flex; margin-bottom:5px\">\r\n<div class=\"arrow_long_list\">&nbsp;</div>\r\n<span style=\"font-family:'GT America'; font-size:18px\">Molding, trim, bright metal and surrounding trim</span></div>\r\n\r\n<div style=\"display:flex; margin-bottom:5px\">\r\n<div class=\"arrow_long_list\">&nbsp;</div>\r\n<span style=\"font-family:'GT America'; font-size:18px\">Convertible tops, padded tops and vinyl tops</span></div>\r\n\r\n<div style=\"display:flex; margin-bottom:5px\">\r\n<div class=\"arrow_long_list\">&nbsp;</div>\r\n<span style=\"font-family:'GT America'; font-size:18px\">Bumpers, step bumpers and surrounding trim</span></div>\r\n\r\n<div style=\"display:flex; margin-bottom:5px\">\r\n<div class=\"arrow_long_list\">&nbsp;</div>\r\n<span style=\"font-family:'GT America'; font-size:18px\">Antennae</span></div>\r\n\r\n<div style=\"display:flex; margin-bottom:5px\">\r\n<div class=\"arrow_long_list\">&nbsp;</div>\r\n<span style=\"font-family:'GT America'; font-size:18px\">Name plate badge sand hood ornaments</span></div>\r\n\r\n<div style=\"display:flex; margin-bottom:5px\">\r\n<div class=\"arrow_long_list\">&nbsp;</div>\r\n<span style=\"font-family:'GT America'; font-size:18px\">Door, trunk and hatch handles</span></div>\r\n\r\n<div style=\"display:flex; margin-bottom:5px\">\r\n<div class=\"arrow_long_list\">&nbsp;</div>\r\n<span style=\"font-family:'GT America'; font-size:18px\">Scratches, chips, pits, rust, corrosion and cracks</span></div>\r\n\r\n<div style=\"display:flex; margin-bottom:5px\">\r\n<div class=\"arrow_long_list\">&nbsp;</div>\r\n<span style=\"font-family:'GT America'; font-size:18px\">Front and rear door, hatch and tailgate rubber deals</span></div>\r\n\r\n<div style=\"display:flex; margin-bottom:5px\">\r\n<div class=\"arrow_long_list\">&nbsp;</div>\r\n<span style=\"font-family:'GT America'; font-size:18px\">Lenses of head lamps, rear lamps and fog lights</span></div>\r\n\r\n<div style=\"display:flex; margin-bottom:5px\">\r\n<div class=\"arrow_long_list\">&nbsp;</div>\r\n<span style=\"font-family:'GT America'; font-size:18px\">Tail, turn signal and brake light lenses, sealed beams and halogen and light bulbs</span></div>\r\n\r\n<div style=\"display:flex; margin-bottom:5px\">\r\n<div class=\"arrow_long_list\">&nbsp;</div>\r\n<span style=\"font-family:'GT America'; font-size:18px\">Discoloration, stone bruises, sand damage and pits.</span></div>\r\n</div>\r\n\r\n<div class=\"blur-bg\">&nbsp;</div>\r\n</div>\r\n\r\n<div class=\"col-md-6 col-sm-6\"><img alt=\"\" class=\"img-responsive\" src=\"https://websitehostingexperts.com/api//media/products/2019/06/11/car-img_yOqJgQh.png\" /></div>\r\n</div>\r\n<!-- end of coverge banner section -->", "image": "", "slug": "honda-accord-ex/excess-wear-and-tear"}}, {"model": "api.order", "pk": 1, "fields": {"orderId": "74a81188-4482-46e7-b81c-2554684a1301", "totalPrice": 3456, "finalPrice": 3456, "status": false, "date": "2019-06-11T05:40:44.727Z", "coupon": null, "profile": null}}, {"model": "api.order", "pk": 2, "fields": {"orderId": "9c8a4338-e9f6-43cc-b0f5-34058b15d1e3", "totalPrice": 3456, "finalPrice": 3456, "status": false, "date": "2019-06-11T05:47:14.287Z", "coupon": null, "profile": null}}, {"model": "api.order", "pk": 3, "fields": {"orderId": "a95ddabd-437d-4092-b96e-89a6b300af09", "totalPrice": 2222, "finalPrice": 2222, "status": false, "date": "2019-06-11T06:15:39.883Z", "coupon": null, "profile": null}}, {"model": "api.order", "pk": 4, "fields": {"orderId": "d25612ef-e671-4c6c-900e-bbcbe6951e06", "totalPrice": 2222, "finalPrice": 2222, "status": false, "date": "2019-06-11T06:23:54.576Z", "coupon": null, "profile": null}}, {"model": "api.order", "pk": 5, "fields": {"orderId": "db74d9ab-0d30-4101-bc3a-46a85a62aef0", "totalPrice": 2222, "finalPrice": 2222, "status": false, "date": "2019-06-11T06:30:25.431Z", "coupon": null, "profile": null}}, {"model": "api.order", "pk": 6, "fields": {"orderId": "036c25ae-3a66-48b2-ad55-d8a32e21314a", "totalPrice": 2222, "finalPrice": 2222, "status": false, "date": "2019-06-11T06:36:48.846Z", "coupon": null, "profile": null}}, {"model": "api.order", "pk": 7, "fields": {"orderId": "1ff9ed50-9c97-49ea-9b8c-8644679b3d3e", "totalPrice": 5555, "finalPrice": 5555, "status": true, "date": "2019-06-11T06:46:56.279Z", "coupon": null, "profile": 85}}, {"model": "api.order", "pk": 8, "fields": {"orderId": "dc4fea06-706a-47e1-ad37-87b2e4958b1e", "totalPrice": 5555, "finalPrice": 5555, "status": false, "date": "2019-06-11T07:09:44.738Z", "coupon": null, "profile": null}}, {"model": "api.order", "pk": 9, "fields": {"orderId": "7d92f455-50b3-4e6b-92ee-17e57b84f5ec", "totalPrice": 5555, "finalPrice": 5555, "status": false, "date": "2019-06-11T07:13:19.312Z", "coupon": null, "profile": null}}, {"model": "api.order", "pk": 10, "fields": {"orderId": "02c8bb9d-0883-4a5d-9321-74b08258637a", "totalPrice": 5555, "finalPrice": 5555, "status": false, "date": "2019-06-11T07:45:24.378Z", "coupon": null, "profile": null}}, {"model": "api.order", "pk": 11, "fields": {"orderId": "77100d7a-bda8-4e49-8769-c3ab437e7469", "totalPrice": 5555, "finalPrice": 5555, "status": false, "date": "2019-06-11T07:48:56.547Z", "coupon": null, "profile": null}}, {"model": "api.order", "pk": 12, "fields": {"orderId": "64362667-30ee-4e13-b85e-2b54a7f9465f", "totalPrice": 5555, "finalPrice": 5555, "status": true, "date": "2019-06-11T07:49:07.837Z", "coupon": null, "profile": 14}}, {"model": "api.order", "pk": 13, "fields": {"orderId": "2fbfe71d-6974-4690-aba7-a55f4589242b", "totalPrice": 5555, "finalPrice": 5555, "status": true, "date": "2019-06-11T07:50:15.051Z", "coupon": null, "profile": 15}}, {"model": "api.order", "pk": 14, "fields": {"orderId": "c3c769c2-e6ac-4a12-9452-5898d8c19e3f", "totalPrice": 2222, "finalPrice": 2222, "status": false, "date": "2019-06-11T09:13:47.602Z", "coupon": null, "profile": null}}, {"model": "api.order", "pk": 15, "fields": {"orderId": "f8013b96-004b-43f3-852a-58a970407e65", "totalPrice": 1234, "finalPrice": 1234, "status": true, "date": "2019-06-11T09:43:01.585Z", "coupon": null, "profile": 17}}, {"model": "api.order", "pk": 16, "fields": {"orderId": "58e18798-1939-4ae4-b329-3b2bf423d406", "totalPrice": 123123, "finalPrice": 123123, "status": true, "date": "2019-06-11T10:06:40.712Z", "coupon": null, "profile": 20}}, {"model": "api.order", "pk": 17, "fields": {"orderId": "1b175381-9d01-44c8-adb6-40ee23e19b17", "totalPrice": 123123, "finalPrice": 123123, "status": false, "date": "2019-06-11T10:12:54.098Z", "coupon": null, "profile": null}}, {"model": "api.order", "pk": 18, "fields": {"orderId": "faaaafa2-7d77-4d18-9cfe-2128b2b7f693", "totalPrice": 123123, "finalPrice": 123123, "status": true, "date": "2019-06-11T10:13:26.329Z", "coupon": null, "profile": 21}}, {"model": "api.order", "pk": 19, "fields": {"orderId": "547717d2-2c78-4afc-9d87-d024f0612c46", "totalPrice": 123123, "finalPrice": 123123, "status": false, "date": "2019-06-11T10:13:26.709Z", "coupon": null, "profile": null}}, {"model": "api.order", "pk": 20, "fields": {"orderId": "b568d3eb-6a86-497f-9e96-ac748d36f8ae", "totalPrice": 123123, "finalPrice": 123123, "status": false, "date": "2019-06-11T10:13:26.946Z", "coupon": null, "profile": null}}, {"model": "api.order", "pk": 21, "fields": {"orderId": "fd599c7b-d68c-4704-8201-dd76cf2e7d9e", "totalPrice": 3333, "finalPrice": 3333, "status": true, "date": "2019-06-11T10:15:27.786Z", "coupon": null, "profile": 22}}, {"model": "api.order", "pk": 22, "fields": {"orderId": "b8061a90-973b-40ca-bbd1-738569f96c74", "totalPrice": 123123, "finalPrice": 123123, "status": true, "date": "2019-06-11T10:24:38.848Z", "coupon": null, "profile": 23}}, {"model": "api.order", "pk": 23, "fields": {"orderId": "c41a6c77-9ca6-497b-942b-f91b91a7bfc0", "totalPrice": 3333, "finalPrice": 3333, "status": true, "date": "2019-06-11T10:38:30.171Z", "coupon": null, "profile": 24}}, {"model": "api.order", "pk": 24, "fields": {"orderId": "88a2fdfb-8f95-4807-87d5-4e41e95cb478", "totalPrice": 3333, "finalPrice": 3333, "status": true, "date": "2019-06-11T10:46:46.746Z", "coupon": null, "profile": 25}}, {"model": "api.order", "pk": 25, "fields": {"orderId": "58e519ab-f633-4451-a811-8dd310cfc038", "totalPrice": 3333, "finalPrice": 3333, "status": true, "date": "2019-06-11T10:48:15.629Z", "coupon": null, "profile": 26}}, {"model": "api.order", "pk": 26, "fields": {"orderId": "be757d7f-dd79-44d6-9d56-32fc1a50af0d", "totalPrice": 3333, "finalPrice": 3333, "status": true, "date": "2019-06-11T10:53:49.186Z", "coupon": null, "profile": 27}}, {"model": "api.order", "pk": 27, "fields": {"orderId": "bab9aab1-b4a6-4bde-acfa-5efedbd27d6b", "totalPrice": 123123, "finalPrice": 123123, "status": true, "date": "2019-06-11T11:21:25.035Z", "coupon": null, "profile": 29}}, {"model": "api.order", "pk": 28, "fields": {"orderId": "76adf1bd-e931-4a68-bfc6-e0f08815498b", "totalPrice": 123123, "finalPrice": 123123, "status": true, "date": "2019-06-11T11:31:46.256Z", "coupon": null, "profile": 30}}, {"model": "api.order", "pk": 29, "fields": {"orderId": "1b952e92-0454-4e25-81e9-b92da564893a", "totalPrice": 1898, "finalPrice": 1898, "status": true, "date": "2019-06-11T11:51:57.459Z", "coupon": null, "profile": 31}}, {"model": "api.order", "pk": 30, "fields": {"orderId": "42a2aee4-16c3-4c5d-a67d-501d5dc186d3", "totalPrice": 999, "finalPrice": 999, "status": false, "date": "2019-06-11T11:58:48.384Z", "coupon": null, "profile": null}}, {"model": "api.order", "pk": 31, "fields": {"orderId": "6e93e862-a7bf-4570-ba1b-739d5a610632", "totalPrice": 1898, "finalPrice": 1898, "status": true, "date": "2019-06-11T12:02:36.534Z", "coupon": null, "profile": 32}}, {"model": "api.order", "pk": 32, "fields": {"orderId": "6fad8909-aad2-4589-8111-a11caeaf78a9", "totalPrice": 1499, "finalPrice": 1499, "status": false, "date": "2019-06-11T12:07:35.701Z", "coupon": null, "profile": null}}, {"model": "api.order", "pk": 33, "fields": {"orderId": "bce94200-208c-493a-ac7f-022b1542c7e4", "totalPrice": 1499, "finalPrice": 1499, "status": false, "date": "2019-06-11T12:07:54.936Z", "coupon": null, "profile": null}}, {"model": "api.order", "pk": 34, "fields": {"orderId": "157268d3-e7a4-4970-b57b-cb935b869d5f", "totalPrice": 1499, "finalPrice": 1499, "status": true, "date": "2019-06-11T12:10:22.232Z", "coupon": null, "profile": 33}}, {"model": "api.order", "pk": 35, "fields": {"orderId": "5956336f-4f01-403e-be0f-3308c91a42ea", "totalPrice": 1499, "finalPrice": 1499, "status": true, "date": "2019-06-11T12:13:00.174Z", "coupon": null, "profile": 34}}, {"model": "api.order", "pk": 36, "fields": {"orderId": "bfbb2671-3fc2-4128-9052-5fca921a1975", "totalPrice": 1499, "finalPrice": 1499, "status": true, "date": "2019-06-11T12:15:42.375Z", "coupon": null, "profile": 35}}, {"model": "api.order", "pk": 37, "fields": {"orderId": "628099f2-5ce7-48fd-926d-c7bd9076b49c", "totalPrice": 1499, "finalPrice": 1499, "status": true, "date": "2019-06-11T12:19:34.475Z", "coupon": null, "profile": 36}}, {"model": "api.order", "pk": 38, "fields": {"orderId": "2891af78-d133-41af-a445-3bc5dacafab1", "totalPrice": 1499, "finalPrice": 1499, "status": true, "date": "2019-06-11T12:32:38.242Z", "coupon": null, "profile": 37}}, {"model": "api.order", "pk": 39, "fields": {"orderId": "f506c65d-91fe-4d46-9637-40e08b4b47bb", "totalPrice": 999, "finalPrice": 999, "status": false, "date": "2019-06-11T14:06:45.200Z", "coupon": null, "profile": null}}, {"model": "api.order", "pk": 40, "fields": {"orderId": "76df1216-34cd-4f09-a32a-508f5d383b7c", "totalPrice": 2398, "finalPrice": 2398, "status": false, "date": "2019-06-11T14:10:19.731Z", "coupon": null, "profile": null}}, {"model": "api.order", "pk": 41, "fields": {"orderId": "1f9af0ea-41cb-44f8-988a-ae474169548d", "totalPrice": 2797, "finalPrice": 2797, "status": false, "date": "2019-06-12T05:24:29.255Z", "coupon": null, "profile": null}}, {"model": "api.order", "pk": 42, "fields": {"orderId": "0ddd5f4a-4410-46bd-900c-c96973ededac", "totalPrice": 2797, "finalPrice": 2797, "status": false, "date": "2019-06-12T05:25:02.645Z", "coupon": null, "profile": null}}, {"model": "api.order", "pk": 43, "fields": {"orderId": "5b33650d-6955-4cb2-891e-33c94d4bc952", "totalPrice": 2797, "finalPrice": 2797, "status": true, "date": "2019-06-12T05:25:20.953Z", "coupon": null, "profile": 38}}, {"model": "api.order", "pk": 44, "fields": {"orderId": "bf105478-0a83-4220-b199-b9d8a28a22f9", "totalPrice": 1499, "finalPrice": 1499, "status": true, "date": "2019-06-12T08:13:03.347Z", "coupon": null, "profile": 39}}, {"model": "api.order", "pk": 45, "fields": {"orderId": "84e2ea61-0281-4896-b3c4-fe62b69441f8", "totalPrice": 2797, "finalPrice": 2797, "status": true, "date": "2019-06-12T12:38:25.347Z", "coupon": null, "profile": 40}}, {"model": "api.order", "pk": 46, "fields": {"orderId": "10d5b3b2-77ca-4e3c-b31f-f697e8494667", "totalPrice": 1499, "finalPrice": 1499, "status": false, "date": "2019-06-12T13:11:02.440Z", "coupon": null, "profile": null}}, {"model": "api.order", "pk": 47, "fields": {"orderId": "12136095-5a25-46b2-b32d-930abf790932", "totalPrice": 1499, "finalPrice": 1499, "status": false, "date": "2019-06-12T13:11:06.091Z", "coupon": null, "profile": null}}, {"model": "api.order", "pk": 48, "fields": {"orderId": "a3d47598-2d92-4cb4-b49d-ecd689a885d8", "totalPrice": 1499, "finalPrice": 1499, "status": false, "date": "2019-06-12T13:21:30.791Z", "coupon": null, "profile": null}}, {"model": "api.order", "pk": 49, "fields": {"orderId": "aff542d9-f0c2-465d-ba80-bad61013e0a8", "totalPrice": 1499, "finalPrice": 1499, "status": true, "date": "2019-06-12T14:18:51.210Z", "coupon": null, "profile": 41}}, {"model": "api.order", "pk": 50, "fields": {"orderId": "8738bc6a-6a4f-462c-b8f0-99a9ba768e22", "totalPrice": 1499, "finalPrice": 1499, "status": false, "date": "2019-06-12T17:53:57.953Z", "coupon": null, "profile": null}}, {"model": "api.order", "pk": 51, "fields": {"orderId": "f2aa0dbd-a75c-4f4d-90d7-3ecbcc041a18", "totalPrice": 1499, "finalPrice": 1499, "status": false, "date": "2019-06-13T03:17:44.866Z", "coupon": null, "profile": null}}, {"model": "api.order", "pk": 52, "fields": {"orderId": "ef3446a4-b4f3-44e8-80b5-04107e5d8c92", "totalPrice": 1499, "finalPrice": 1499, "status": false, "date": "2019-06-13T03:19:05.601Z", "coupon": null, "profile": null}}, {"model": "api.order", "pk": 53, "fields": {"orderId": "2f43aa47-67d9-4777-be7d-dcfdc7943db6", "totalPrice": 1499, "finalPrice": 1499, "status": false, "date": "2019-06-13T03:19:41.920Z", "coupon": null, "profile": null}}, {"model": "api.order", "pk": 54, "fields": {"orderId": "d66f7dff-8fcc-40f2-932d-6476bf537a98", "totalPrice": 1499, "finalPrice": 1499, "status": false, "date": "2019-06-13T03:19:57.030Z", "coupon": null, "profile": null}}, {"model": "api.order", "pk": 55, "fields": {"orderId": "115b24ff-855e-460d-83a7-04b0bdecdd26", "totalPrice": 1499, "finalPrice": 1499, "status": false, "date": "2019-06-13T03:21:05.821Z", "coupon": null, "profile": null}}, {"model": "api.order", "pk": 56, "fields": {"orderId": "0c23d189-21ef-48ae-b172-c30930d15e2f", "totalPrice": 1499, "finalPrice": 1499, "status": false, "date": "2019-06-13T03:21:30.492Z", "coupon": null, "profile": null}}, {"model": "api.order", "pk": 57, "fields": {"orderId": "51880e38-f288-4c83-8086-11a8f1a0aead", "totalPrice": 1499, "finalPrice": 1499, "status": false, "date": "2019-06-13T03:22:11.891Z", "coupon": null, "profile": null}}, {"model": "api.order", "pk": 58, "fields": {"orderId": "14a5b7af-ce79-4122-acea-33a8861dec97", "totalPrice": 1499, "finalPrice": 1499, "status": false, "date": "2019-06-13T03:22:55.078Z", "coupon": null, "profile": null}}, {"model": "api.order", "pk": 59, "fields": {"orderId": "0a927104-92ac-40f7-a31f-3ee33d53deb8", "totalPrice": 1499, "finalPrice": 1499, "status": false, "date": "2019-06-13T03:23:48.629Z", "coupon": null, "profile": null}}, {"model": "api.order", "pk": 60, "fields": {"orderId": "b6801657-b415-4366-92a7-5cefc4eb9870", "totalPrice": 1499, "finalPrice": 1499, "status": false, "date": "2019-06-13T03:26:07.417Z", "coupon": null, "profile": null}}, {"model": "api.order", "pk": 61, "fields": {"orderId": "d349df00-69ae-452a-b385-86a02831072b", "totalPrice": 1499, "finalPrice": 1499, "status": false, "date": "2019-06-13T03:26:25.656Z", "coupon": null, "profile": null}}, {"model": "api.order", "pk": 62, "fields": {"orderId": "7a219236-71e8-4e7e-9dd8-bc42664d1f07", "totalPrice": 1499, "finalPrice": 1499, "status": false, "date": "2019-06-13T03:28:21.143Z", "coupon": null, "profile": null}}, {"model": "api.order", "pk": 63, "fields": {"orderId": "f7405b63-3aa8-43a6-9cb6-c87f208b4292", "totalPrice": 1499, "finalPrice": 1499, "status": false, "date": "2019-06-13T03:28:39.043Z", "coupon": null, "profile": null}}, {"model": "api.order", "pk": 64, "fields": {"orderId": "2cefed3f-a604-443a-8718-b87e5b6215eb", "totalPrice": 1499, "finalPrice": 1499, "status": false, "date": "2019-06-13T03:32:07.464Z", "coupon": null, "profile": null}}, {"model": "api.order", "pk": 65, "fields": {"orderId": "a94aaf50-03ae-41b9-9aba-1c3edde8769c", "totalPrice": 1499, "finalPrice": 1499, "status": false, "date": "2019-06-13T03:32:40.894Z", "coupon": null, "profile": null}}, {"model": "api.order", "pk": 66, "fields": {"orderId": "1ceb9604-7ba3-4706-a238-c2870d8be283", "totalPrice": 1499, "finalPrice": 1499, "status": false, "date": "2019-06-13T03:33:30.844Z", "coupon": null, "profile": null}}, {"model": "api.order", "pk": 67, "fields": {"orderId": "8f62b751-098e-4cc3-ba2d-17b804ac5cdf", "totalPrice": 1499, "finalPrice": 1499, "status": false, "date": "2019-06-13T03:34:37.614Z", "coupon": null, "profile": null}}, {"model": "api.order", "pk": 68, "fields": {"orderId": "bb26768d-1a48-4015-bd5b-b3055cc01e5d", "totalPrice": 1499, "finalPrice": 1499, "status": false, "date": "2019-06-13T03:35:11.376Z", "coupon": null, "profile": null}}, {"model": "api.order", "pk": 69, "fields": {"orderId": "e185b7af-769b-49a7-aadf-204816fc969b", "totalPrice": 1499, "finalPrice": 1499, "status": false, "date": "2019-06-13T03:35:33.306Z", "coupon": null, "profile": null}}, {"model": "api.order", "pk": 70, "fields": {"orderId": "909d2550-35e8-480a-b0f6-32f9cf38f878", "totalPrice": 1499, "finalPrice": 1499, "status": false, "date": "2019-06-13T03:43:24.715Z", "coupon": null, "profile": null}}, {"model": "api.order", "pk": 71, "fields": {"orderId": "41585347-9515-4179-ad5c-0e6e0c5e2374", "totalPrice": 1499, "finalPrice": 1499, "status": true, "date": "2019-06-13T04:46:41.294Z", "coupon": null, "profile": 42}}, {"model": "api.order", "pk": 72, "fields": {"orderId": "c7f80664-9523-4669-bc01-fad142c2a797", "totalPrice": 1499, "finalPrice": 1499, "status": false, "date": "2019-06-13T05:04:55.370Z", "coupon": null, "profile": null}}, {"model": "api.order", "pk": 73, "fields": {"orderId": "1d1ecd32-e566-4488-80d1-658c92168291", "totalPrice": 1499, "finalPrice": 1499, "status": false, "date": "2019-06-13T05:08:03.613Z", "coupon": null, "profile": null}}, {"model": "api.order", "pk": 74, "fields": {"orderId": "5a47d87f-1ca6-4b0c-8fc6-7083d8710d19", "totalPrice": 1499, "finalPrice": 1499, "status": false, "date": "2019-06-13T05:08:51.672Z", "coupon": null, "profile": null}}, {"model": "api.order", "pk": 75, "fields": {"orderId": "b7741b22-b778-45ea-a4f2-06b4006b2212", "totalPrice": 1499, "finalPrice": 1499, "status": true, "date": "2019-06-13T05:10:14.382Z", "coupon": null, "profile": 43}}, {"model": "api.order", "pk": 76, "fields": {"orderId": "972f30ab-1944-4c92-a4cc-303367b8b1b0", "totalPrice": 3696, "finalPrice": 3696, "status": true, "date": "2019-06-13T05:12:23.305Z", "coupon": null, "profile": 44}}, {"model": "api.order", "pk": 77, "fields": {"orderId": "d65a71b9-0ae1-4518-b387-45e82b121a4f", "totalPrice": 3696, "finalPrice": 3696, "status": true, "date": "2019-06-13T05:16:27.403Z", "coupon": null, "profile": 46}}, {"model": "api.order", "pk": 78, "fields": {"orderId": "7975a1c3-9e42-4993-8399-68da74077c09", "totalPrice": 1499, "finalPrice": 1499, "status": true, "date": "2019-06-13T05:35:00.109Z", "coupon": null, "profile": 47}}, {"model": "api.order", "pk": 79, "fields": {"orderId": "97632ce1-4de8-4eb1-a4b7-78b02228fb60", "totalPrice": 299, "finalPrice": 299, "status": false, "date": "2019-06-13T10:32:20.171Z", "coupon": null, "profile": null}}, {"model": "api.order", "pk": 80, "fields": {"orderId": "c9c802f2-96bf-4e3c-ba45-3748f2f2f8ee", "totalPrice": 299, "finalPrice": 299, "status": false, "date": "2019-06-13T11:45:55.904Z", "coupon": null, "profile": null}}, {"model": "api.order", "pk": 81, "fields": {"orderId": "5abad124-e5d9-47c3-a903-a1d612f7b998", "totalPrice": 299, "finalPrice": 299, "status": false, "date": "2019-06-13T11:47:18.489Z", "coupon": null, "profile": null}}, {"model": "api.order", "pk": 82, "fields": {"orderId": "cfaa646f-0e4e-4ee4-a80c-e2613c56a2db", "totalPrice": 299, "finalPrice": 299, "status": false, "date": "2019-06-13T11:49:13.624Z", "coupon": null, "profile": null}}, {"model": "api.order", "pk": 83, "fields": {"orderId": "83f5c0f8-9cdf-4fbe-a3ae-18fad1461ef4", "totalPrice": 299, "finalPrice": 299, "status": false, "date": "2019-06-13T11:50:24.192Z", "coupon": null, "profile": null}}, {"model": "api.order", "pk": 84, "fields": {"orderId": "22cce832-4681-4aef-a640-6951cc09d53b", "totalPrice": 299, "finalPrice": 299, "status": false, "date": "2019-06-13T11:53:51.986Z", "coupon": null, "profile": null}}, {"model": "api.order", "pk": 85, "fields": {"orderId": "d305cebc-e729-473f-b5be-90fdd5e6c402", "totalPrice": 299, "finalPrice": 299, "status": false, "date": "2019-06-13T11:54:06.087Z", "coupon": null, "profile": null}}, {"model": "api.order", "pk": 86, "fields": {"orderId": "7d72f8b1-2700-476c-958d-8db7a3d7ae1c", "totalPrice": 299, "finalPrice": 299, "status": false, "date": "2019-06-13T11:54:13.075Z", "coupon": null, "profile": null}}, {"model": "api.order", "pk": 87, "fields": {"orderId": "6ff33dba-5b7b-48d1-8a3d-dac6d230b1d4", "totalPrice": 299, "finalPrice": 299, "status": false, "date": "2019-06-13T11:54:56.292Z", "coupon": null, "profile": null}}, {"model": "api.order", "pk": 88, "fields": {"orderId": "6e5e9f50-9c2d-467d-aa08-edbddc5a0116", "totalPrice": 299, "finalPrice": 299, "status": false, "date": "2019-06-13T11:55:36.569Z", "coupon": null, "profile": null}}, {"model": "api.order", "pk": 89, "fields": {"orderId": "86fe3dba-e7dd-45de-8405-06d550d61bef", "totalPrice": 899, "finalPrice": 899, "status": false, "date": "2019-06-13T11:56:38.169Z", "coupon": null, "profile": null}}, {"model": "api.order", "pk": 90, "fields": {"orderId": "29037963-d5b2-4a47-b26c-6b60bbfc3017", "totalPrice": 899, "finalPrice": 899, "status": true, "date": "2019-06-13T14:04:48.147Z", "coupon": null, "profile": 48}}, {"model": "api.order", "pk": 91, "fields": {"orderId": "7859c030-53c5-4e69-9f14-6548a5f38b5c", "totalPrice": 899, "finalPrice": 899, "status": false, "date": "2019-06-13T14:07:50.681Z", "coupon": null, "profile": null}}, {"model": "api.order", "pk": 92, "fields": {"orderId": "898b6042-a564-44cd-a103-800899619533", "totalPrice": 899, "finalPrice": 899, "status": false, "date": "2019-06-13T14:14:53.624Z", "coupon": null, "profile": null}}, {"model": "api.order", "pk": 93, "fields": {"orderId": "32b46276-abe4-490c-b4e5-0cdaa3239e56", "totalPrice": 899, "finalPrice": 899, "status": false, "date": "2019-06-13T14:19:36.473Z", "coupon": null, "profile": null}}, {"model": "api.order", "pk": 94, "fields": {"orderId": "081d068d-9472-48a1-a230-a818b164101b", "totalPrice": 899, "finalPrice": 899, "status": false, "date": "2019-06-13T14:20:06.772Z", "coupon": null, "profile": null}}, {"model": "api.order", "pk": 95, "fields": {"orderId": "de18711b-c8fe-42ba-92ea-fd8501b71d68", "totalPrice": 899, "finalPrice": 899, "status": true, "date": "2019-06-13T14:20:15.095Z", "coupon": null, "profile": 49}}, {"model": "api.order", "pk": 96, "fields": {"orderId": "9e0ddfb6-6100-4ef3-9dd7-83689d8e35fe", "totalPrice": 344, "finalPrice": 344, "status": false, "date": "2019-06-13T15:02:14.475Z", "coupon": null, "profile": null}}, {"model": "api.order", "pk": 97, "fields": {"orderId": "6c185685-b052-4a5d-80f3-073d13568e24", "totalPrice": 344, "finalPrice": 344, "status": false, "date": "2019-06-13T15:02:19.044Z", "coupon": null, "profile": null}}, {"model": "api.order", "pk": 98, "fields": {"orderId": "c536e661-7e1c-4895-9fb3-a03a8d7132ec", "totalPrice": 299, "finalPrice": 299, "status": false, "date": "2019-06-13T18:25:23.432Z", "coupon": null, "profile": null}}, {"model": "api.order", "pk": 99, "fields": {"orderId": "7f807ca2-241e-4a6a-8b55-d9ca8aa07a9a", "totalPrice": 299, "finalPrice": 299, "status": false, "date": "2019-06-14T07:02:09.875Z", "coupon": null, "profile": null}}, {"model": "api.order", "pk": 100, "fields": {"orderId": "763257f2-a740-4768-b5ec-9ee6632535da", "totalPrice": 899, "finalPrice": 899, "status": false, "date": "2019-06-14T08:36:59.948Z", "coupon": null, "profile": null}}, {"model": "api.order", "pk": 101, "fields": {"orderId": "dd333503-3af8-4b78-943b-c0ee0517d5ed", "totalPrice": 899, "finalPrice": 899, "status": true, "date": "2019-06-14T08:42:24.337Z", "coupon": null, "profile": 50}}, {"model": "api.order", "pk": 102, "fields": {"orderId": "ed309fc2-9dcc-4cff-b9ab-9a6ead59bb2a", "totalPrice": 899, "finalPrice": 899, "status": false, "date": "2019-06-14T09:29:32.975Z", "coupon": null, "profile": null}}, {"model": "api.order", "pk": 103, "fields": {"orderId": "9578fe55-c4e3-435c-9abc-bad10dc4b61f", "totalPrice": 899, "finalPrice": 899, "status": true, "date": "2019-06-14T09:30:46.991Z", "coupon": null, "profile": 51}}, {"model": "api.order", "pk": 104, "fields": {"orderId": "ff0f3e32-94be-4fd7-abc6-66a177a9e1a5", "totalPrice": 1198, "finalPrice": 1198, "status": false, "date": "2019-06-14T14:51:19.175Z", "coupon": null, "profile": null}}, {"model": "api.order", "pk": 105, "fields": {"orderId": "3b8c6719-cf11-40e6-a939-c06700adcd66", "totalPrice": 2398, "finalPrice": 2398, "status": false, "date": "2019-06-14T15:20:58.284Z", "coupon": null, "profile": null}}, {"model": "api.order", "pk": 106, "fields": {"orderId": "b2bb65bc-c205-40f4-90ca-0f152d689181", "totalPrice": 2498, "finalPrice": 2498, "status": true, "date": "2019-06-14T15:36:53.271Z", "coupon": null, "profile": 52}}, {"model": "api.order", "pk": 107, "fields": {"orderId": "f519c946-5fb0-4711-8dfc-eb247da4344c", "totalPrice": 299, "finalPrice": 299, "status": false, "date": "2019-06-15T04:41:18.845Z", "coupon": null, "profile": null}}, {"model": "api.order", "pk": 108, "fields": {"orderId": "31ae2c0c-4a2f-4330-9e08-f9c1c251c372", "totalPrice": 299, "finalPrice": 299, "status": true, "date": "2019-06-15T05:07:07.541Z", "coupon": null, "profile": 53}}, {"model": "api.order", "pk": 109, "fields": {"orderId": "6d85e99e-b89c-4ec9-a039-a81b771057d5", "totalPrice": 299, "finalPrice": 299, "status": true, "date": "2019-06-15T05:15:11.181Z", "coupon": null, "profile": 54}}, {"model": "api.order", "pk": 110, "fields": {"orderId": "dd9ffafb-78b0-4bbd-8d6b-7794aeb900fa", "totalPrice": 299, "finalPrice": 299, "status": true, "date": "2019-06-15T05:17:22.779Z", "coupon": null, "profile": 55}}, {"model": "api.order", "pk": 111, "fields": {"orderId": "95995975-8707-485c-9fa9-ac799d509beb", "totalPrice": 299, "finalPrice": 299, "status": true, "date": "2019-06-15T05:21:11.982Z", "coupon": null, "profile": 56}}, {"model": "api.order", "pk": 112, "fields": {"orderId": "ff917629-218c-45c7-a1ed-dd6597211505", "totalPrice": 299, "finalPrice": 299, "status": true, "date": "2019-06-15T05:24:10.541Z", "coupon": null, "profile": 57}}, {"model": "api.order", "pk": 113, "fields": {"orderId": "bf56cfc1-e2be-459e-83da-093622b54537", "totalPrice": 299, "finalPrice": 299, "status": true, "date": "2019-06-15T05:28:27.497Z", "coupon": null, "profile": 58}}, {"model": "api.order", "pk": 114, "fields": {"orderId": "6a4f2d47-93ed-4f77-a18c-9c8c485c7ba4", "totalPrice": 299, "finalPrice": 299, "status": false, "date": "2019-06-15T05:42:04.979Z", "coupon": null, "profile": null}}, {"model": "api.order", "pk": 115, "fields": {"orderId": "0548df75-ba01-479f-88ef-c6a446cf6de6", "totalPrice": 299, "finalPrice": 299, "status": false, "date": "2019-06-15T05:47:12.603Z", "coupon": null, "profile": null}}, {"model": "api.order", "pk": 116, "fields": {"orderId": "e98b2b36-ad20-4bec-8dd2-c043da9c240a", "totalPrice": 1198, "finalPrice": 1198, "status": false, "date": "2019-06-15T08:34:02.540Z", "coupon": null, "profile": null}}, {"model": "api.order", "pk": 117, "fields": {"orderId": "06d2396a-216d-49fa-8677-0226d8f750e6", "totalPrice": 299, "finalPrice": 299, "status": false, "date": "2019-06-15T09:33:26.616Z", "coupon": null, "profile": null}}, {"model": "api.order", "pk": 118, "fields": {"orderId": "1ecc7dfc-1817-4dcd-beaf-c32c3f5ba6ae", "totalPrice": 344, "finalPrice": 344, "status": false, "date": "2019-06-15T11:08:18.232Z", "coupon": null, "profile": null}}, {"model": "api.order", "pk": 119, "fields": {"orderId": "7de59155-6daa-485c-88b3-5d2bbfc7447b", "totalPrice": 344, "finalPrice": 344, "status": false, "date": "2019-06-15T11:13:44.823Z", "coupon": null, "profile": null}}, {"model": "api.order", "pk": 120, "fields": {"orderId": "323fb32e-e72c-440f-9779-a26d6b1ea6dc", "totalPrice": 299, "finalPrice": 299, "status": false, "date": "2019-06-15T11:14:52.507Z", "coupon": null, "profile": null}}, {"model": "api.order", "pk": 121, "fields": {"orderId": "3d87f0c8-3fb3-4aac-bc32-a9716a681077", "totalPrice": 344, "finalPrice": 344, "status": false, "date": "2019-06-15T11:16:45.904Z", "coupon": null, "profile": null}}, {"model": "api.order", "pk": 122, "fields": {"orderId": "b92a6109-d2a8-43d6-831e-de964a2c948b", "totalPrice": 344, "finalPrice": 344, "status": true, "date": "2019-06-15T11:17:03.117Z", "coupon": null, "profile": 60}}, {"model": "api.order", "pk": 123, "fields": {"orderId": "f53d3d5d-ea05-4452-9db2-3110eced6f16", "totalPrice": 299, "finalPrice": 299, "status": false, "date": "2019-06-15T11:18:09.289Z", "coupon": null, "profile": null}}, {"model": "api.order", "pk": 124, "fields": {"orderId": "e822abda-7fd2-4e94-95c7-2faa21628a44", "totalPrice": 299, "finalPrice": 299, "status": true, "date": "2019-06-15T11:19:22.178Z", "coupon": null, "profile": 59}}, {"model": "api.order", "pk": 125, "fields": {"orderId": "1a49eefe-93ff-43f7-abf4-dcc9794aadfb", "totalPrice": 299, "finalPrice": 299, "status": true, "date": "2019-06-15T12:17:53.679Z", "coupon": null, "profile": 61}}, {"model": "api.order", "pk": 126, "fields": {"orderId": "1e964fe2-3296-4156-9ed1-b876b25d3e91", "totalPrice": 899, "finalPrice": 899, "status": false, "date": "2019-06-15T12:19:38.460Z", "coupon": null, "profile": null}}, {"model": "api.order", "pk": 127, "fields": {"orderId": "7d8cbc2c-6544-4de6-9e5f-d57e100c80d6", "totalPrice": 899, "finalPrice": 899, "status": false, "date": "2019-06-15T12:25:26.995Z", "coupon": null, "profile": null}}, {"model": "api.order", "pk": 128, "fields": {"orderId": "3badb086-56b5-4895-aed8-2a389a2fb068", "totalPrice": 299, "finalPrice": 299, "status": true, "date": "2019-06-15T12:34:55.592Z", "coupon": null, "profile": 62}}, {"model": "api.order", "pk": 129, "fields": {"orderId": "0fd69e89-dfd2-4b08-9132-01d3b2d2e7a5", "totalPrice": 299, "finalPrice": 299, "status": false, "date": "2019-06-15T12:50:09.352Z", "coupon": null, "profile": null}}, {"model": "api.order", "pk": 130, "fields": {"orderId": "91a72e68-9443-4d4f-bdfd-e9d53b2c4c35", "totalPrice": 1198, "finalPrice": 1198, "status": true, "date": "2019-06-15T13:39:31.761Z", "coupon": null, "profile": 63}}, {"model": "api.order", "pk": 131, "fields": {"orderId": "c1bc476e-8d9b-4252-b509-39f50cb2ca33", "totalPrice": 899, "finalPrice": 899, "status": true, "date": "2019-06-15T13:40:26.297Z", "coupon": null, "profile": 64}}, {"model": "api.order", "pk": 132, "fields": {"orderId": "3235c2da-975e-4261-8e85-6e3f645e5bd9", "totalPrice": 899, "finalPrice": 899, "status": false, "date": "2019-06-15T14:10:41.471Z", "coupon": null, "profile": null}}, {"model": "api.order", "pk": 133, "fields": {"orderId": "4b8f5bd0-7458-400c-a559-612e56208f05", "totalPrice": 899, "finalPrice": 899, "status": false, "date": "2019-06-15T14:11:30.571Z", "coupon": null, "profile": null}}, {"model": "api.order", "pk": 134, "fields": {"orderId": "3e549d9e-c293-4a01-8484-c69cd269bf6a", "totalPrice": 899, "finalPrice": 899, "status": false, "date": "2019-06-15T14:12:34.972Z", "coupon": null, "profile": null}}, {"model": "api.order", "pk": 135, "fields": {"orderId": "83e12753-1168-49fa-bc29-c6a155ab1032", "totalPrice": 899, "finalPrice": 899, "status": false, "date": "2019-06-15T14:25:00.531Z", "coupon": null, "profile": null}}, {"model": "api.order", "pk": 136, "fields": {"orderId": "4fc4148b-1bd3-40b5-aed6-17b8b5bed725", "totalPrice": 899, "finalPrice": 899, "status": false, "date": "2019-06-15T14:26:37.289Z", "coupon": null, "profile": null}}, {"model": "api.order", "pk": 137, "fields": {"orderId": "b56d28ad-d55f-472b-a171-81d6b05ff558", "totalPrice": 899, "finalPrice": 899, "status": false, "date": "2019-06-15T14:30:40.506Z", "coupon": null, "profile": null}}, {"model": "api.order", "pk": 138, "fields": {"orderId": "950d6d19-8a4e-4aa3-aa4a-b5600c9244cc", "totalPrice": 899, "finalPrice": 899, "status": false, "date": "2019-06-15T15:06:04.382Z", "coupon": null, "profile": null}}, {"model": "api.order", "pk": 139, "fields": {"orderId": "a65f8033-eb49-4ca7-a6e9-d910de892cbf", "totalPrice": 899, "finalPrice": 899, "status": false, "date": "2019-06-15T15:16:55.677Z", "coupon": null, "profile": null}}, {"model": "api.order", "pk": 140, "fields": {"orderId": "3e9099d3-1849-4a87-bef3-189625643c0f", "totalPrice": 344, "finalPrice": 344, "status": false, "date": "2019-06-15T16:08:47.667Z", "coupon": null, "profile": null}}, {"model": "api.order", "pk": 141, "fields": {"orderId": "12eba36b-d1c4-4259-940f-fced5a416e4b", "totalPrice": 344, "finalPrice": 344, "status": false, "date": "2019-06-16T03:17:07.973Z", "coupon": null, "profile": null}}, {"model": "api.order", "pk": 142, "fields": {"orderId": "c702f8a8-4922-47b4-970f-6ecec9b17c45", "totalPrice": 3696, "finalPrice": 3696, "status": false, "date": "2019-06-16T05:02:49.901Z", "coupon": null, "profile": null}}, {"model": "api.order", "pk": 143, "fields": {"orderId": "aa6197fc-f259-4a5f-a430-2a419bc2bdfe", "totalPrice": 3696, "finalPrice": 3696, "status": false, "date": "2019-06-16T05:02:58.335Z", "coupon": null, "profile": null}}, {"model": "api.order", "pk": 144, "fields": {"orderId": "e7bf9393-91f6-4f50-8dbf-978661927d94", "totalPrice": 3696, "finalPrice": 3696, "status": false, "date": "2019-06-16T05:08:56.739Z", "coupon": null, "profile": null}}, {"model": "api.order", "pk": 145, "fields": {"orderId": "f0db17e5-008b-401f-bf62-a9ee77df10a9", "totalPrice": 3696, "finalPrice": 3696, "status": false, "date": "2019-06-16T05:38:57.494Z", "coupon": null, "profile": null}}, {"model": "api.order", "pk": 146, "fields": {"orderId": "ef6e4e6f-b8f1-4433-87fc-14a6a6451e04", "totalPrice": 3696, "finalPrice": 3696, "status": false, "date": "2019-06-16T05:40:01.610Z", "coupon": null, "profile": null}}, {"model": "api.order", "pk": 147, "fields": {"orderId": "7ccfd248-2e02-4ce7-9c7c-39ab47336dd0", "totalPrice": 344, "finalPrice": 344, "status": false, "date": "2019-06-16T05:59:13.511Z", "coupon": null, "profile": null}}, {"model": "api.order", "pk": 148, "fields": {"orderId": "af6138a8-6127-4505-a5b1-527e4c1405b0", "totalPrice": 344, "finalPrice": 344, "status": false, "date": "2019-06-16T06:44:45.527Z", "coupon": null, "profile": null}}, {"model": "api.order", "pk": 149, "fields": {"orderId": "525c1ee5-93ea-467f-b630-7da3d27caa7e", "totalPrice": 344, "finalPrice": 344, "status": false, "date": "2019-06-16T06:44:57.201Z", "coupon": null, "profile": null}}, {"model": "api.order", "pk": 150, "fields": {"orderId": "6d08cb80-1d58-495c-89e0-896f55c7b855", "totalPrice": 299, "finalPrice": 299, "status": false, "date": "2019-06-17T04:03:17.510Z", "coupon": null, "profile": null}}, {"model": "api.order", "pk": 151, "fields": {"orderId": "f8ab47b9-1a22-4740-8747-d5ec762066c8", "totalPrice": 299, "finalPrice": 299, "status": false, "date": "2019-06-17T05:11:50.286Z", "coupon": null, "profile": null}}, {"model": "api.order", "pk": 152, "fields": {"orderId": "b6997df8-3de4-48b2-b516-ec0b853040ae", "totalPrice": 899, "finalPrice": 899, "status": false, "date": "2019-06-17T07:18:00.682Z", "coupon": null, "profile": null}}, {"model": "api.order", "pk": 153, "fields": {"orderId": "1911a065-fa68-47a6-9b5e-d049f3234d32", "totalPrice": 299, "finalPrice": 299, "status": false, "date": "2019-06-17T11:52:30.174Z", "coupon": null, "profile": null}}, {"model": "api.order", "pk": 154, "fields": {"orderId": "08d2f30d-7c27-45c2-83aa-faba4d8a3248", "totalPrice": 899, "finalPrice": 899, "status": false, "date": "2019-06-17T13:55:53.479Z", "coupon": null, "profile": null}}, {"model": "api.order", "pk": 155, "fields": {"orderId": "4474fc6c-72c3-4005-aa4b-1f2a1c678d16", "totalPrice": 899, "finalPrice": 899, "status": false, "date": "2019-06-17T14:09:21.631Z", "coupon": null, "profile": null}}, {"model": "api.order", "pk": 156, "fields": {"orderId": "1d68da0b-3262-4070-b3f0-90c40eb51239", "totalPrice": 899, "finalPrice": 899, "status": false, "date": "2019-06-17T14:18:35.394Z", "coupon": null, "profile": null}}, {"model": "api.order", "pk": 157, "fields": {"orderId": "6e4e166c-d4ac-46eb-88ed-86d01c55c82f", "totalPrice": 899, "finalPrice": 899, "status": false, "date": "2019-06-17T14:27:11.909Z", "coupon": null, "profile": null}}, {"model": "api.order", "pk": 158, "fields": {"orderId": "cd7e778a-affe-4a88-8ab2-90f669ec7245", "totalPrice": 899, "finalPrice": 899, "status": false, "date": "2019-06-17T14:27:40.887Z", "coupon": null, "profile": null}}, {"model": "api.order", "pk": 159, "fields": {"orderId": "861016a0-8522-4683-8422-e333b5c48dda", "totalPrice": 899, "finalPrice": 899, "status": false, "date": "2019-06-17T14:34:39.461Z", "coupon": null, "profile": null}}, {"model": "api.order", "pk": 160, "fields": {"orderId": "3439ea98-44d2-4cb8-beb5-764b085510f2", "totalPrice": 899, "finalPrice": 899, "status": false, "date": "2019-06-17T14:36:07.016Z", "coupon": null, "profile": null}}, {"model": "api.order", "pk": 161, "fields": {"orderId": "cbae29ae-08e8-40ac-aff8-d23735be2d21", "totalPrice": 899, "finalPrice": 899, "status": false, "date": "2019-06-17T14:37:11.183Z", "coupon": null, "profile": null}}, {"model": "api.order", "pk": 162, "fields": {"orderId": "d18e2426-f20e-4c44-ab64-571707d7ce99", "totalPrice": 899, "finalPrice": 899, "status": false, "date": "2019-06-17T14:39:58.007Z", "coupon": null, "profile": null}}, {"model": "api.order", "pk": 163, "fields": {"orderId": "621e565d-c056-4ae6-82a9-22e7dda59b5d", "totalPrice": 1198, "finalPrice": 1198, "status": true, "date": "2019-06-18T04:43:23.382Z", "coupon": null, "profile": 65}}, {"model": "api.order", "pk": 164, "fields": {"orderId": "56bb3263-1c54-4a2a-aed3-4be5a4ff1dd8", "totalPrice": 344, "finalPrice": 344, "status": false, "date": "2019-06-18T12:26:50.349Z", "coupon": null, "profile": null}}, {"model": "api.order", "pk": 165, "fields": {"orderId": "d845920c-af22-48ba-9a8b-bee4d0824a22", "totalPrice": 344, "finalPrice": 344, "status": false, "date": "2019-06-19T06:53:08.246Z", "coupon": null, "profile": null}}, {"model": "api.order", "pk": 166, "fields": {"orderId": "02176019-385d-4e65-91f4-52b34a8981ee", "totalPrice": 344, "finalPrice": 344, "status": true, "date": "2019-06-19T13:06:27.873Z", "coupon": null, "profile": 66}}, {"model": "api.order", "pk": 167, "fields": {"orderId": "ee33afdb-4e64-4a65-a5fe-6ab5ae180590", "totalPrice": 899, "finalPrice": 899, "status": false, "date": "2019-06-19T17:51:00.934Z", "coupon": null, "profile": null}}, {"model": "api.order", "pk": 168, "fields": {"orderId": "01a12387-c086-4343-a928-d3a9ace4c3a9", "totalPrice": 344, "finalPrice": 344, "status": false, "date": "2019-06-20T06:07:59.691Z", "coupon": null, "profile": null}}, {"model": "api.order", "pk": 169, "fields": {"orderId": "81586ae2-b371-42f8-a081-a242342cdb1d", "totalPrice": 344, "finalPrice": 344, "status": false, "date": "2019-06-20T09:26:03.691Z", "coupon": null, "profile": null}}, {"model": "api.order", "pk": 170, "fields": {"orderId": "c353f65b-e7f8-4315-bbc8-168eaa52156e", "totalPrice": 1898, "finalPrice": 1898, "status": false, "date": "2019-06-20T21:29:54.570Z", "coupon": null, "profile": null}}, {"model": "api.order", "pk": 171, "fields": {"orderId": "865112e7-9c4a-4177-9537-82b1354e198b", "totalPrice": 1898, "finalPrice": 1898, "status": false, "date": "2019-06-21T04:04:25.540Z", "coupon": null, "profile": null}}, {"model": "api.order", "pk": 172, "fields": {"orderId": "c876064a-ed09-41c8-a2f0-8a2020d33155", "totalPrice": 1898, "finalPrice": 1898, "status": true, "date": "2019-06-21T04:18:29.143Z", "coupon": null, "profile": 67}}, {"model": "api.order", "pk": 173, "fields": {"orderId": "7b4638b7-41b5-4f29-9024-dd327d7c25a2", "totalPrice": 299, "finalPrice": 299, "status": false, "date": "2019-06-21T05:14:15.327Z", "coupon": null, "profile": null}}, {"model": "api.order", "pk": 174, "fields": {"orderId": "db3dfd45-296f-4460-85f2-1ba992d4a247", "totalPrice": 999, "finalPrice": 999, "status": false, "date": "2019-06-21T06:10:13.256Z", "coupon": null, "profile": null}}, {"model": "api.order", "pk": 175, "fields": {"orderId": "04fcb3f2-ab1c-4ca4-9f42-4291bf2f2872", "totalPrice": 999, "finalPrice": 999, "status": false, "date": "2019-06-21T06:11:07.605Z", "coupon": null, "profile": null}}, {"model": "api.order", "pk": 176, "fields": {"orderId": "0c617e02-884c-4a72-a23b-c14f2af9d705", "totalPrice": 999, "finalPrice": 999, "status": false, "date": "2019-06-21T06:12:20.191Z", "coupon": null, "profile": null}}, {"model": "api.order", "pk": 177, "fields": {"orderId": "3fc1560d-746a-4082-8953-7e396a443b41", "totalPrice": 999, "finalPrice": 999, "status": false, "date": "2019-06-21T06:21:23.553Z", "coupon": null, "profile": null}}, {"model": "api.order", "pk": 178, "fields": {"orderId": "87619ddb-66fc-4fc2-a1f1-5d6b8b387db7", "totalPrice": 999, "finalPrice": 999, "status": false, "date": "2019-06-21T06:24:07.276Z", "coupon": null, "profile": null}}, {"model": "api.order", "pk": 179, "fields": {"orderId": "1dd1fbdb-5230-4980-b5bd-070d8e9ee384", "totalPrice": 999, "finalPrice": 999, "status": false, "date": "2019-06-21T06:28:14.563Z", "coupon": null, "profile": null}}, {"model": "api.order", "pk": 180, "fields": {"orderId": "24a50c49-5add-4f88-af2f-1e96a37bbc1c", "totalPrice": 999, "finalPrice": 999, "status": false, "date": "2019-06-21T06:29:12.151Z", "coupon": null, "profile": null}}, {"model": "api.order", "pk": 181, "fields": {"orderId": "e65f7ea0-f0f3-4e6d-abac-fa22bebd5642", "totalPrice": 999, "finalPrice": 999, "status": false, "date": "2019-06-21T06:29:56.937Z", "coupon": null, "profile": null}}, {"model": "api.order", "pk": 182, "fields": {"orderId": "68439e0b-5d07-4144-9989-844e8dba5ca0", "totalPrice": 1898, "finalPrice": 1898, "status": false, "date": "2019-06-21T06:32:46.635Z", "coupon": null, "profile": null}}, {"model": "api.order", "pk": 183, "fields": {"orderId": "17bd17ac-d3b5-400d-b4d8-f7b72102b62d", "totalPrice": 1898, "finalPrice": 1898, "status": true, "date": "2019-06-21T06:39:15.599Z", "coupon": null, "profile": 70}}, {"model": "api.order", "pk": 184, "fields": {"orderId": "df70d014-fd19-4013-a614-2c486ac247b8", "totalPrice": 899, "finalPrice": 899, "status": true, "date": "2019-06-21T06:47:08.066Z", "coupon": null, "profile": 71}}, {"model": "api.order", "pk": 185, "fields": {"orderId": "28697a41-3059-4249-82de-051f2dc138f2", "totalPrice": 1898, "finalPrice": 1898, "status": true, "date": "2019-06-21T06:49:25.248Z", "coupon": null, "profile": 72}}, {"model": "api.order", "pk": 186, "fields": {"orderId": "60308677-9bdb-4d4f-a06f-5c05a255f2c2", "totalPrice": 2197, "finalPrice": 2197, "status": true, "date": "2019-06-21T06:52:04.288Z", "coupon": null, "profile": 73}}, {"model": "api.order", "pk": 187, "fields": {"orderId": "19b2a697-1f41-497d-a2dc-86e515a3bf1d", "totalPrice": 1898, "finalPrice": 1898, "status": true, "date": "2019-06-21T07:08:32.030Z", "coupon": null, "profile": 74}}, {"model": "api.order", "pk": 188, "fields": {"orderId": "ce122e6f-8f1e-455b-ab12-4c614cd21e2f", "totalPrice": 1898, "finalPrice": 1898, "status": true, "date": "2019-06-21T07:15:47.696Z", "coupon": null, "profile": 75}}, {"model": "api.order", "pk": 189, "fields": {"orderId": "8172be83-44e5-4e77-8697-e86ddd46174a", "totalPrice": 1898, "finalPrice": 1898, "status": true, "date": "2019-06-21T07:32:42.462Z", "coupon": null, "profile": 80}}, {"model": "api.order", "pk": 190, "fields": {"orderId": "a2b7f14f-c99e-483b-b8cd-bac0d3a44d14", "totalPrice": 899, "finalPrice": 899, "status": true, "date": "2019-06-21T07:36:10.529Z", "coupon": null, "profile": 79}}, {"model": "api.order", "pk": 191, "fields": {"orderId": "2cf72b9b-6024-4d23-990a-8ef6f11c2954", "totalPrice": 1898, "finalPrice": 1898, "status": true, "date": "2019-06-21T07:40:17.207Z", "coupon": null, "profile": 81}}, {"model": "api.order", "pk": 192, "fields": {"orderId": "ec14238f-32bc-48a1-be5d-86b1e31d187f", "totalPrice": 1898, "finalPrice": 1898, "status": true, "date": "2019-06-21T07:43:02.905Z", "coupon": null, "profile": 82}}, {"model": "api.order", "pk": 193, "fields": {"orderId": "c4e541b9-4f06-41c7-b6d2-97f9a40fbf2c", "totalPrice": 1898, "finalPrice": 1898, "status": true, "date": "2019-06-21T07:48:38.947Z", "coupon": null, "profile": 83}}, {"model": "api.order", "pk": 194, "fields": {"orderId": "6b7a1fa7-4e72-442d-bcdd-f0af8bd8b13e", "totalPrice": 999, "finalPrice": 999, "status": true, "date": "2019-06-21T07:53:07.488Z", "coupon": null, "profile": 87}}, {"model": "api.order", "pk": 195, "fields": {"orderId": "fac4e76b-84e8-487c-9544-9b66b5b23120", "totalPrice": 999, "finalPrice": 999, "status": true, "date": "2019-06-21T08:30:44.391Z", "coupon": null, "profile": 88}}, {"model": "api.order", "pk": 196, "fields": {"orderId": "47d7918c-6d32-4f88-8538-1d7e0a0ddb9e", "totalPrice": 999, "finalPrice": 999, "status": true, "date": "2019-06-21T08:39:35.046Z", "coupon": null, "profile": 89}}, {"model": "api.order", "pk": 197, "fields": {"orderId": "f79772f4-577a-453e-ba10-a8c4570a1f62", "totalPrice": 999, "finalPrice": 999, "status": true, "date": "2019-06-21T09:00:53.903Z", "coupon": null, "profile": 90}}, {"model": "api.order", "pk": 198, "fields": {"orderId": "1f316dd8-d614-4a27-91ea-ab439ae99ce6", "totalPrice": 1898, "finalPrice": 1898, "status": true, "date": "2019-06-21T09:21:44.255Z", "coupon": null, "profile": 91}}, {"model": "api.order", "pk": 199, "fields": {"orderId": "a1bc3fbd-303c-4dec-8598-a18ce3f25826", "totalPrice": 1898, "finalPrice": 1898, "status": false, "date": "2019-06-21T09:28:00.075Z", "coupon": null, "profile": null}}, {"model": "api.order", "pk": 200, "fields": {"orderId": "d6ca7a59-0046-42b7-81a3-ea9641a96290", "totalPrice": 1898, "finalPrice": 1898, "status": false, "date": "2019-06-21T09:28:33.841Z", "coupon": null, "profile": null}}, {"model": "api.order", "pk": 201, "fields": {"orderId": "01a2b2d6-ee84-4fff-b657-4b4813edeccd", "totalPrice": 1898, "finalPrice": 1898, "status": true, "date": "2019-06-21T09:30:11.983Z", "coupon": null, "profile": 92}}, {"model": "api.order", "pk": 202, "fields": {"orderId": "cceb85ca-2c3c-40a9-aad0-157d20a940a4", "totalPrice": 999, "finalPrice": 999, "status": false, "date": "2019-06-21T10:16:32.682Z", "coupon": null, "profile": null}}, {"model": "api.order", "pk": 203, "fields": {"orderId": "4f1861e8-611a-4468-98be-74e414582941", "totalPrice": 2398, "finalPrice": 2398, "status": false, "date": "2019-06-21T11:17:33.972Z", "coupon": null, "profile": null}}, {"model": "api.order", "pk": 204, "fields": {"orderId": "4b11b3e1-4558-4dbd-8d76-dd1aa2e3960b", "totalPrice": 999, "finalPrice": 999, "status": true, "date": "2019-06-21T11:23:14.979Z", "coupon": null, "profile": 93}}, {"model": "api.order", "pk": 205, "fields": {"orderId": "c1fffb28-c119-4e3e-9897-3f28c6937f7e", "totalPrice": 899, "finalPrice": 899, "status": true, "date": "2019-06-21T11:46:11.524Z", "coupon": null, "profile": 94}}, {"model": "api.order", "pk": 206, "fields": {"orderId": "e07dfd60-11d6-4c51-9667-d4c402355007", "totalPrice": 899, "finalPrice": 899, "status": false, "date": "2019-06-21T11:51:41.801Z", "coupon": null, "profile": null}}, {"model": "api.order", "pk": 207, "fields": {"orderId": "27c4b5c9-1523-41ed-9f1b-4e792091d211", "totalPrice": 899, "finalPrice": 899, "status": true, "date": "2019-06-21T11:53:13.459Z", "coupon": null, "profile": 95}}, {"model": "api.order", "pk": 208, "fields": {"orderId": "f6886209-b51f-45b1-9573-247f5ec7839c", "totalPrice": 999, "finalPrice": 999, "status": true, "date": "2019-06-21T12:35:22.988Z", "coupon": null, "profile": 96}}, {"model": "api.order", "pk": 209, "fields": {"orderId": "30c93841-3ee3-474b-a8ad-59a9a945fae3", "totalPrice": 599, "finalPrice": 599, "status": false, "date": "2019-06-21T12:46:40.024Z", "coupon": null, "profile": null}}, {"model": "api.order", "pk": 210, "fields": {"orderId": "4b862afc-bb27-4430-8361-ffe215411016", "totalPrice": 1898, "finalPrice": 1898, "status": false, "date": "2019-06-21T13:07:19.576Z", "coupon": null, "profile": null}}, {"model": "api.order", "pk": 211, "fields": {"orderId": "6070466b-62a6-4934-b7c1-5e6bf13667e7", "totalPrice": 999, "finalPrice": 999, "status": false, "date": "2019-06-21T13:14:45.625Z", "coupon": null, "profile": null}}, {"model": "api.order", "pk": 212, "fields": {"orderId": "6aeafdee-4736-4105-be2c-d8329c9c8834", "totalPrice": 999, "finalPrice": 999, "status": true, "date": "2019-06-21T13:15:23.210Z", "coupon": null, "profile": 97}}, {"model": "api.order", "pk": 213, "fields": {"orderId": "e1bd9157-7488-498d-a41d-543ddbeb9d33", "totalPrice": 1898, "finalPrice": 1898, "status": true, "date": "2019-06-21T13:24:00.513Z", "coupon": null, "profile": 98}}, {"model": "api.order", "pk": 214, "fields": {"orderId": "3e46a2cf-af0e-4251-9f9d-2dd1e1058386", "totalPrice": 999, "finalPrice": 999, "status": false, "date": "2019-06-21T13:33:43.213Z", "coupon": null, "profile": null}}, {"model": "api.order", "pk": 215, "fields": {"orderId": "393d8cb0-20fe-416d-a860-e2d160f2d68f", "totalPrice": 999, "finalPrice": 999, "status": true, "date": "2019-06-21T13:36:58.400Z", "coupon": null, "profile": 99}}, {"model": "api.order", "pk": 216, "fields": {"orderId": "62a7412f-7bff-4ae9-a2d4-cd4330f897c1", "totalPrice": 999, "finalPrice": 999, "status": false, "date": "2019-06-21T13:38:39.303Z", "coupon": null, "profile": null}}, {"model": "api.order", "pk": 217, "fields": {"orderId": "18e78f8c-6aec-4811-9296-9646856b5fd8", "totalPrice": 999, "finalPrice": 999, "status": false, "date": "2019-06-21T14:15:02.641Z", "coupon": null, "profile": null}}, {"model": "api.order", "pk": 218, "fields": {"orderId": "3565b50e-8a38-40ff-bfff-3873ae5abe6d", "totalPrice": 999, "finalPrice": 999, "status": false, "date": "2019-06-21T14:27:44.773Z", "coupon": null, "profile": null}}, {"model": "api.order", "pk": 219, "fields": {"orderId": "7ea1c3a4-664e-4318-820e-3a6d7c3ffe10", "totalPrice": 999, "finalPrice": 999, "status": false, "date": "2019-06-21T14:27:47.056Z", "coupon": null, "profile": null}}, {"model": "api.order", "pk": 220, "fields": {"orderId": "e4c005ac-3eea-48e3-b728-88dbd8de27aa", "totalPrice": 999, "finalPrice": 999, "status": true, "date": "2019-06-21T14:28:08.354Z", "coupon": null, "profile": 100}}, {"model": "api.order", "pk": 221, "fields": {"orderId": "5054cb78-d827-4a06-bec3-917db8fc9d85", "totalPrice": 999, "finalPrice": 999, "status": false, "date": "2019-06-21T14:35:24.991Z", "coupon": null, "profile": null}}, {"model": "api.order", "pk": 222, "fields": {"orderId": "2bea0a5f-d6d4-46bc-939f-0eff1ad26a24", "totalPrice": 999, "finalPrice": 999, "status": false, "date": "2019-06-21T14:36:21.030Z", "coupon": null, "profile": null}}, {"model": "api.order", "pk": 223, "fields": {"orderId": "05aa842e-ac7f-4c85-b9b9-382badcadedb", "totalPrice": 999, "finalPrice": 999, "status": true, "date": "2019-06-21T16:12:11.156Z", "coupon": null, "profile": 101}}, {"model": "api.order", "pk": 224, "fields": {"orderId": "1173814d-e6d0-49f3-8269-64116a60062f", "totalPrice": 999, "finalPrice": 999, "status": false, "date": "2019-06-22T04:36:18.354Z", "coupon": null, "profile": null}}, {"model": "api.order", "pk": 225, "fields": {"orderId": "b935617f-339d-42be-ad2c-11542576c35d", "totalPrice": 999, "finalPrice": 999, "status": true, "date": "2019-06-22T08:05:58.800Z", "coupon": null, "profile": 102}}, {"model": "api.order", "pk": 226, "fields": {"orderId": "b71bfb71-686e-4b21-9e4e-baa218dfe883", "totalPrice": 999, "finalPrice": 999, "status": false, "date": "2019-06-22T08:09:48.990Z", "coupon": null, "profile": null}}, {"model": "api.order", "pk": 227, "fields": {"orderId": "43c1f1bb-8056-46ae-8030-f6b55761ec34", "totalPrice": 899, "finalPrice": 899, "status": true, "date": "2019-06-22T09:19:08.465Z", "coupon": null, "profile": 103}}, {"model": "api.order", "pk": 228, "fields": {"orderId": "7119a652-c200-4568-844a-5459f4a43426", "totalPrice": 1898, "finalPrice": 1898, "status": true, "date": "2019-06-22T10:38:33.693Z", "coupon": null, "profile": 104}}, {"model": "api.order", "pk": 229, "fields": {"orderId": "f1ec8aea-3de9-4997-b5e0-5dc5a37e7898", "totalPrice": 999, "finalPrice": 999, "status": false, "date": "2019-06-22T11:32:28.084Z", "coupon": null, "profile": null}}, {"model": "api.order", "pk": 230, "fields": {"orderId": "40cabbfd-852e-4169-8d84-c849081b5d09", "totalPrice": 999, "finalPrice": 999, "status": false, "date": "2019-06-22T11:37:01.932Z", "coupon": null, "profile": null}}, {"model": "api.order", "pk": 231, "fields": {"orderId": "a12fe454-e398-4b60-bf88-d880da75f413", "totalPrice": 999, "finalPrice": 999, "status": true, "date": "2019-06-22T11:48:44.275Z", "coupon": null, "profile": 105}}, {"model": "api.order", "pk": 232, "fields": {"orderId": "668cb83d-cb8d-4aa8-a0b3-ddc83a342e44", "totalPrice": 999, "finalPrice": 999, "status": true, "date": "2019-06-22T11:52:36.313Z", "coupon": null, "profile": 106}}, {"model": "api.order", "pk": 233, "fields": {"orderId": "d18009e0-ed92-4fe0-9966-dda779eff6c6", "totalPrice": 999, "finalPrice": 999, "status": false, "date": "2019-06-22T14:43:57.304Z", "coupon": null, "profile": null}}, {"model": "api.order", "pk": 234, "fields": {"orderId": "0ce60909-879d-4f33-bd05-ad3df8fa1d62", "totalPrice": 999, "finalPrice": 999, "status": false, "date": "2019-06-22T15:14:47.738Z", "coupon": null, "profile": null}}, {"model": "api.order", "pk": 235, "fields": {"orderId": "a344aeaf-0983-49fd-ad6d-d48d30e7b66d", "totalPrice": 1198, "finalPrice": 1198, "status": false, "date": "2019-06-22T17:50:07.668Z", "coupon": null, "profile": null}}, {"model": "api.order", "pk": 236, "fields": {"orderId": "b6d6721b-0827-4227-b5d7-633a79e4974f", "totalPrice": 1198, "finalPrice": 1198, "status": false, "date": "2019-06-22T17:54:30.343Z", "coupon": null, "profile": null}}, {"model": "api.order", "pk": 237, "fields": {"orderId": "2e9a3567-77c8-4770-b538-f2702fbdb1aa", "totalPrice": 999, "finalPrice": 999, "status": false, "date": "2019-06-22T17:59:56.695Z", "coupon": null, "profile": null}}, {"model": "api.order", "pk": 238, "fields": {"orderId": "d98a80ee-b56c-4c5f-b7c6-245541d6f411", "totalPrice": 1198, "finalPrice": 1198, "status": false, "date": "2019-06-22T18:08:10.494Z", "coupon": null, "profile": null}}, {"model": "api.order", "pk": 239, "fields": {"orderId": "f2e58f49-33dd-4ce6-a643-6b6803d27cd8", "totalPrice": 1198, "finalPrice": 1198, "status": false, "date": "2019-06-22T18:08:39.364Z", "coupon": null, "profile": null}}, {"model": "api.order", "pk": 240, "fields": {"orderId": "cfcf06e9-5351-4de6-be03-bd59cd98eec6", "totalPrice": 1198, "finalPrice": 1198, "status": true, "date": "2019-06-22T18:09:01.529Z", "coupon": null, "profile": 107}}, {"model": "api.order", "pk": 241, "fields": {"orderId": "00b240e7-5d42-4da2-b4cc-5733754bbb20", "totalPrice": 899, "finalPrice": 899, "status": true, "date": "2019-06-22T18:24:20.857Z", "coupon": null, "profile": 108}}, {"model": "api.order", "pk": 242, "fields": {"orderId": "7536c952-a2f1-4e8b-854a-2016b4dda8ef", "totalPrice": 899, "finalPrice": 899, "status": true, "date": "2019-06-22T18:29:59.789Z", "coupon": null, "profile": 109}}, {"model": "api.order", "pk": 243, "fields": {"orderId": "a2bb3dd4-a826-4d15-bea6-12039f2e862a", "totalPrice": 899, "finalPrice": 899, "status": true, "date": "2019-06-22T18:35:54.878Z", "coupon": null, "profile": 110}}, {"model": "api.order", "pk": 244, "fields": {"orderId": "a5f5ed50-da26-4d67-98ed-0e185ddbe218", "totalPrice": 899, "finalPrice": 899, "status": true, "date": "2019-06-22T18:39:37.673Z", "coupon": null, "profile": 111}}, {"model": "api.order", "pk": 245, "fields": {"orderId": "85360725-d5cc-41ff-bc9c-b176d3b06031", "totalPrice": 899, "finalPrice": 899, "status": true, "date": "2019-06-22T19:38:06.587Z", "coupon": null, "profile": 112}}, {"model": "api.order", "pk": 246, "fields": {"orderId": "8d7f63cd-61d7-469c-8037-f611a84dcbf9", "totalPrice": 899, "finalPrice": 899, "status": true, "date": "2019-06-22T20:08:05.473Z", "coupon": null, "profile": 113}}, {"model": "api.order", "pk": 247, "fields": {"orderId": "7561c905-a1de-45e0-b90b-9677a17908c2", "totalPrice": 999, "finalPrice": 999, "status": false, "date": "2019-06-22T20:19:31.101Z", "coupon": null, "profile": null}}, {"model": "api.order", "pk": 248, "fields": {"orderId": "c1d2b127-0fe6-489b-baed-47b083463cac", "totalPrice": 999, "finalPrice": 999, "status": false, "date": "2019-06-22T20:23:28.479Z", "coupon": null, "profile": null}}, {"model": "api.order", "pk": 249, "fields": {"orderId": "11db9b35-ae2f-48c5-b340-b789da8cb43e", "totalPrice": 999, "finalPrice": 999, "status": false, "date": "2019-06-22T20:23:37.954Z", "coupon": null, "profile": null}}, {"model": "api.order", "pk": 250, "fields": {"orderId": "38fdbaaa-7941-4b4f-be56-b6ce5bf6e05b", "totalPrice": 999, "finalPrice": 999, "status": false, "date": "2019-06-22T20:23:46.258Z", "coupon": null, "profile": null}}, {"model": "api.order", "pk": 251, "fields": {"orderId": "0a8d6bfc-d899-4283-baa1-2c90a1ff6997", "totalPrice": 999, "finalPrice": 999, "status": false, "date": "2019-06-22T20:24:07.482Z", "coupon": null, "profile": null}}, {"model": "api.order", "pk": 252, "fields": {"orderId": "9ae130df-ba0e-4d28-bc59-f9c9ab19f33d", "totalPrice": 999, "finalPrice": 999, "status": true, "date": "2019-06-22T20:24:47.169Z", "coupon": null, "profile": 114}}, {"model": "api.order", "pk": 253, "fields": {"orderId": "86b97867-d293-4c7b-ad1e-e7a9c5b0a415", "totalPrice": 899, "finalPrice": 899, "status": false, "date": "2019-06-22T20:31:01.822Z", "coupon": null, "profile": null}}, {"model": "api.order", "pk": 254, "fields": {"orderId": "3ef2eb86-314b-4c03-b483-8753f3470f86", "totalPrice": 899, "finalPrice": 899, "status": true, "date": "2019-06-22T20:52:24.430Z", "coupon": null, "profile": 115}}, {"model": "api.order", "pk": 255, "fields": {"orderId": "e47faa10-49e0-4775-bbe0-3d32b2c0dccd", "totalPrice": 899, "finalPrice": 899, "status": false, "date": "2019-06-22T21:14:34.718Z", "coupon": null, "profile": null}}, {"model": "api.order", "pk": 256, "fields": {"orderId": "0179aca9-1a03-449a-b245-e5cdec4d4f64", "totalPrice": 899, "finalPrice": 899, "status": false, "date": "2019-06-22T21:14:49.282Z", "coupon": null, "profile": null}}, {"model": "api.order", "pk": 257, "fields": {"orderId": "8ea07d90-0ec3-49f7-8cab-6c0e70dec3ab", "totalPrice": 999, "finalPrice": 999, "status": true, "date": "2019-06-22T21:24:18.818Z", "coupon": null, "profile": 116}}, {"model": "api.order", "pk": 258, "fields": {"orderId": "50d14e85-15d6-416a-b455-de57941d0839", "totalPrice": 1898, "finalPrice": 1898, "status": true, "date": "2019-06-23T03:53:13.200Z", "coupon": null, "profile": 117}}, {"model": "api.order", "pk": 259, "fields": {"orderId": "3b578e5d-5a12-48c6-bc31-ed2a30a3c90e", "totalPrice": 1898, "finalPrice": 1898, "status": false, "date": "2019-06-23T04:26:47.769Z", "coupon": null, "profile": null}}, {"model": "api.order", "pk": 260, "fields": {"orderId": "8abd838f-f9c6-4136-9e57-0922bd39950c", "totalPrice": 1898, "finalPrice": 1898, "status": true, "date": "2019-06-23T04:30:07.682Z", "coupon": null, "profile": 118}}, {"model": "api.order", "pk": 261, "fields": {"orderId": "0cef887b-5099-4ac9-961f-206acbf3b675", "totalPrice": 0, "finalPrice": 0, "status": false, "date": "2019-06-23T04:53:22.127Z", "coupon": null, "profile": null}}, {"model": "api.order", "pk": 262, "fields": {"orderId": "26044382-0f0a-488c-bbe0-a67e085f51be", "totalPrice": 0, "finalPrice": 0, "status": false, "date": "2019-06-23T04:55:21.174Z", "coupon": null, "profile": null}}, {"model": "api.order", "pk": 263, "fields": {"orderId": "22698803-f676-47e3-8415-de077b2024d3", "totalPrice": 0, "finalPrice": 0, "status": false, "date": "2019-06-23T04:56:45.680Z", "coupon": null, "profile": null}}, {"model": "api.order", "pk": 264, "fields": {"orderId": "d208b5fd-0d98-4035-b5c9-365b162d2316", "totalPrice": 0, "finalPrice": 0, "status": false, "date": "2019-06-23T05:06:50.111Z", "coupon": null, "profile": null}}, {"model": "api.order", "pk": 265, "fields": {"orderId": "19d4e54f-ce89-4965-a153-dedf3c19ec32", "totalPrice": 0, "finalPrice": 0, "status": false, "date": "2019-06-23T05:09:41.871Z", "coupon": null, "profile": null}}, {"model": "api.order", "pk": 266, "fields": {"orderId": "750319e5-3bbe-4be3-a3c6-26dcd8ea3a2a", "totalPrice": 0, "finalPrice": 0, "status": false, "date": "2019-06-23T05:13:28.629Z", "coupon": null, "profile": null}}, {"model": "api.order", "pk": 267, "fields": {"orderId": "78e423aa-95d8-422d-9c04-c98e8babeebb", "totalPrice": 899, "finalPrice": 899, "status": false, "date": "2019-06-23T05:16:33.720Z", "coupon": null, "profile": null}}, {"model": "api.order", "pk": 268, "fields": {"orderId": "6f1e5b86-b94f-4a72-8f99-366da98571f6", "totalPrice": 899, "finalPrice": 899, "status": false, "date": "2019-06-23T05:21:38.933Z", "coupon": null, "profile": null}}, {"model": "api.order", "pk": 269, "fields": {"orderId": "a697f222-cd69-477c-819b-d97de3c2e977", "totalPrice": 899, "finalPrice": 899, "status": true, "date": "2019-06-23T05:35:28.369Z", "coupon": null, "profile": 124}}, {"model": "api.order", "pk": 270, "fields": {"orderId": "57530eb1-9fa0-4b7c-8f93-2cc848dcc2fc", "totalPrice": 899, "finalPrice": 899, "status": false, "date": "2019-06-23T05:41:41.105Z", "coupon": null, "profile": null}}, {"model": "api.order", "pk": 271, "fields": {"orderId": "95b1f1fb-ec39-47a8-bb0f-2c7752489f53", "totalPrice": 899, "finalPrice": 899, "status": true, "date": "2019-06-23T05:46:04.050Z", "coupon": null, "profile": 127}}, {"model": "api.order", "pk": 272, "fields": {"orderId": "16247906-2006-4f54-a9bd-e6f154689c33", "totalPrice": 999, "finalPrice": 999, "status": true, "date": "2019-06-23T05:52:19.743Z", "coupon": null, "profile": 128}}, {"model": "api.order", "pk": 273, "fields": {"orderId": "a196f38d-634b-4ad5-a828-5bb685c5b5ee", "totalPrice": 999, "finalPrice": 999, "status": true, "date": "2019-06-23T06:05:06.686Z", "coupon": null, "profile": 129}}, {"model": "api.order", "pk": 274, "fields": {"orderId": "9525b38c-8f98-49cf-b1f3-c6b1ddfcfa4a", "totalPrice": 299, "finalPrice": 299, "status": false, "date": "2019-06-23T06:37:29.924Z", "coupon": null, "profile": null}}, {"model": "api.order", "pk": 275, "fields": {"orderId": "45a707e0-2078-4c11-be22-e4e7996e248b", "totalPrice": 299, "finalPrice": 299, "status": true, "date": "2019-06-23T06:38:39.950Z", "coupon": null, "profile": 130}}, {"model": "api.order", "pk": 276, "fields": {"orderId": "f3bc105f-9fc4-4a6e-8eb9-ab99ec3d0165", "totalPrice": 899, "finalPrice": 899, "status": false, "date": "2019-06-23T06:38:55.469Z", "coupon": null, "profile": null}}, {"model": "api.order", "pk": 277, "fields": {"orderId": "ee8e05dd-c75d-49ab-a9cf-77119f8d9ed7", "totalPrice": 999, "finalPrice": 999, "status": false, "date": "2019-06-23T07:29:09.573Z", "coupon": null, "profile": null}}, {"model": "api.order", "pk": 278, "fields": {"orderId": "fed5fa37-de50-4982-8540-e9adcdbfc653", "totalPrice": 3696, "finalPrice": 3696, "status": false, "date": "2019-06-23T07:30:00.363Z", "coupon": null, "profile": null}}, {"model": "api.order", "pk": 279, "fields": {"orderId": "99f2e3c3-cf49-409b-b29f-00c376c33b32", "totalPrice": 0, "finalPrice": 0, "status": false, "date": "2019-06-23T09:08:44.162Z", "coupon": null, "profile": null}}, {"model": "api.order", "pk": 280, "fields": {"orderId": "d3ec1cca-55a7-41ca-b5c1-3617e672dc8b", "totalPrice": 344, "finalPrice": 344, "status": true, "date": "2019-06-23T09:14:51.238Z", "coupon": null, "profile": 132}}, {"model": "api.order", "pk": 281, "fields": {"orderId": "5ece9962-56e4-4e36-8d89-e62d7230f122", "totalPrice": 0, "finalPrice": 0, "status": false, "date": "2019-06-23T09:29:10.487Z", "coupon": null, "profile": null}}, {"model": "api.order", "pk": 282, "fields": {"orderId": "88ace0ac-ab13-49ac-b71e-cec3e9d597de", "totalPrice": 0, "finalPrice": 0, "status": false, "date": "2019-06-23T09:53:38.854Z", "coupon": null, "profile": null}}, {"model": "api.orderitem", "pk": 1, "fields": {"order": 1, "product": 1, "transaction_id": null}}, {"model": "api.orderitem", "pk": 2, "fields": {"order": 1, "product": 2, "transaction_id": null}}, {"model": "api.orderitem", "pk": 3, "fields": {"order": 2, "product": 1, "transaction_id": null}}, {"model": "api.orderitem", "pk": 4, "fields": {"order": 2, "product": 2, "transaction_id": null}}, {"model": "api.orderitem", "pk": 5, "fields": {"order": 3, "product": 2, "transaction_id": null}}, {"model": "api.orderitem", "pk": 6, "fields": {"order": 4, "product": 2, "transaction_id": null}}, {"model": "api.orderitem", "pk": 7, "fields": {"order": 4, "product": 1, "transaction_id": "fgsdfgsd"}}, {"model": "api.orderitem", "pk": 8, "fields": {"order": 5, "product": 2, "transaction_id": null}}, {"model": "api.orderitem", "pk": 9, "fields": {"order": 6, "product": 2, "transaction_id": null}}, {"model": "api.orderitem", "pk": 10, "fields": {"order": 7, "product": 2, "transaction_id": "ch_1EnhuiGawDjcrSqTeed5XVFj"}}, {"model": "api.orderitem", "pk": 11, "fields": {"order": 7, "product": 3, "transaction_id": "ch_1EnhuiGawDjcrSqTeed5XVFj"}}, {"model": "api.orderitem", "pk": 12, "fields": {"order": 8, "product": 2, "transaction_id": null}}, {"model": "api.orderitem", "pk": 13, "fields": {"order": 8, "product": 3, "transaction_id": null}}, {"model": "api.orderitem", "pk": 14, "fields": {"order": 9, "product": 2, "transaction_id": null}}, {"model": "api.orderitem", "pk": 15, "fields": {"order": 9, "product": 3, "transaction_id": null}}, {"model": "api.orderitem", "pk": 16, "fields": {"order": 10, "product": 2, "transaction_id": null}}, {"model": "api.orderitem", "pk": 17, "fields": {"order": 10, "product": 3, "transaction_id": null}}, {"model": "api.orderitem", "pk": 18, "fields": {"order": 11, "product": 2, "transaction_id": null}}, {"model": "api.orderitem", "pk": 19, "fields": {"order": 11, "product": 3, "transaction_id": null}}, {"model": "api.orderitem", "pk": 20, "fields": {"order": 12, "product": 2, "transaction_id": "tok_1Ek4jaGawDjcrSqTGmGILlRd"}}, {"model": "api.orderitem", "pk": 21, "fields": {"order": 12, "product": 3, "transaction_id": "tok_1Ek4jaGawDjcrSqTGmGILlRd"}}, {"model": "api.orderitem", "pk": 22, "fields": {"order": 13, "product": 2, "transaction_id": "tok_1Ek4kYGawDjcrSqTRz9yu4kN"}}, {"model": "api.orderitem", "pk": 23, "fields": {"order": 13, "product": 3, "transaction_id": "tok_1Ek4kYGawDjcrSqTRz9yu4kN"}}, {"model": "api.orderitem", "pk": 24, "fields": {"order": 14, "product": 2, "transaction_id": null}}, {"model": "api.orderitem", "pk": 25, "fields": {"order": 15, "product": 1, "transaction_id": "tok_1Ek6VfGawDjcrSqTpKjbEXoU"}}, {"model": "api.orderitem", "pk": 26, "fields": {"order": 16, "product": 4, "transaction_id": "tok_1Ek6shGawDjcrSqTY2x3jchG"}}, {"model": "api.orderitem", "pk": 27, "fields": {"order": 17, "product": 4, "transaction_id": null}}, {"model": "api.orderitem", "pk": 28, "fields": {"order": 18, "product": 4, "transaction_id": "tok_1Ek6zAGawDjcrSqTPdgICbeB"}}, {"model": "api.orderitem", "pk": 29, "fields": {"order": 19, "product": 4, "transaction_id": null}}, {"model": "api.orderitem", "pk": 30, "fields": {"order": 20, "product": 4, "transaction_id": null}}, {"model": "api.orderitem", "pk": 31, "fields": {"order": 21, "product": 3, "transaction_id": "tok_1Ek710GawDjcrSqTZUq2AbFW"}}, {"model": "api.orderitem", "pk": 32, "fields": {"order": 22, "product": 4, "transaction_id": "tok_1Ek79vGawDjcrSqTk4tdub7s"}}, {"model": "api.orderitem", "pk": 33, "fields": {"order": 23, "product": 3, "transaction_id": "tok_1Ek7NIGawDjcrSqTiCjwfG3Z"}}, {"model": "api.orderitem", "pk": 34, "fields": {"order": 24, "product": 3, "transaction_id": "tok_1Ek7VJGawDjcrSqTm2Y2rHGc"}}, {"model": "api.orderitem", "pk": 35, "fields": {"order": 25, "product": 3, "transaction_id": "tok_1Ek7WvGawDjcrSqTc54dXj9j"}}, {"model": "api.orderitem", "pk": 36, "fields": {"order": 26, "product": 3, "transaction_id": "tok_1Ek7c7GawDjcrSqTGhj6NTFJ"}}, {"model": "api.orderitem", "pk": 37, "fields": {"order": 27, "product": 4, "transaction_id": "tok_1Ek85CGawDjcrSqTeSTsIKxu"}}, {"model": "api.orderitem", "pk": 38, "fields": {"order": 28, "product": 4, "transaction_id": "tok_1Ek8DBGawDjcrSqTUt5WspI9"}}, {"model": "api.orderitem", "pk": 39, "fields": {"order": 29, "product": 4, "transaction_id": "tok_1Ek8WkGawDjcrSqTR53PKihA"}}, {"model": "api.orderitem", "pk": 40, "fields": {"order": 29, "product": 3, "transaction_id": "tok_1Ek8WkGawDjcrSqTR53PKihA"}}, {"model": "api.orderitem", "pk": 41, "fields": {"order": 30, "product": 3, "transaction_id": null}}, {"model": "api.orderitem", "pk": 42, "fields": {"order": 31, "product": 4, "transaction_id": "tok_1Ek8h2GawDjcrSqToJJuGDHc"}}, {"model": "api.orderitem", "pk": 43, "fields": {"order": 31, "product": 3, "transaction_id": "tok_1Ek8h2GawDjcrSqToJJuGDHc"}}, {"model": "api.orderitem", "pk": 44, "fields": {"order": 32, "product": 1, "transaction_id": null}}, {"model": "api.orderitem", "pk": 45, "fields": {"order": 33, "product": 1, "transaction_id": null}}, {"model": "api.orderitem", "pk": 46, "fields": {"order": 34, "product": 1, "transaction_id": "tok_1Ek8oMGawDjcrSqTQvUyqJVX"}}, {"model": "api.orderitem", "pk": 47, "fields": {"order": 35, "product": 1, "transaction_id": "tok_1Ek8rlGawDjcrSqTpP0eQOQG"}}, {"model": "api.orderitem", "pk": 48, "fields": {"order": 36, "product": 1, "transaction_id": "tok_1Ek8tOGawDjcrSqTwj6QT5ZQ"}}, {"model": "api.orderitem", "pk": 49, "fields": {"order": 37, "product": 1, "transaction_id": "tok_1Ek8xFGawDjcrSqTFVgetD3X"}}, {"model": "api.orderitem", "pk": 50, "fields": {"order": 38, "product": 1, "transaction_id": "tok_1Ek99xGawDjcrSqTlZYmWJtG"}}, {"model": "api.orderitem", "pk": 51, "fields": {"order": 39, "product": 3, "transaction_id": null}}, {"model": "api.orderitem", "pk": 52, "fields": {"order": 40, "product": 4, "transaction_id": null}}, {"model": "api.orderitem", "pk": 53, "fields": {"order": 40, "product": 1, "transaction_id": null}}, {"model": "api.orderitem", "pk": 54, "fields": {"order": 41, "product": 2, "transaction_id": null}}, {"model": "api.orderitem", "pk": 55, "fields": {"order": 41, "product": 3, "transaction_id": null}}, {"model": "api.orderitem", "pk": 56, "fields": {"order": 41, "product": 1, "transaction_id": null}}, {"model": "api.orderitem", "pk": 57, "fields": {"order": 42, "product": 2, "transaction_id": null}}, {"model": "api.orderitem", "pk": 58, "fields": {"order": 42, "product": 3, "transaction_id": null}}, {"model": "api.orderitem", "pk": 59, "fields": {"order": 42, "product": 1, "transaction_id": null}}, {"model": "api.orderitem", "pk": 60, "fields": {"order": 43, "product": 2, "transaction_id": "tok_1EkP0JGawDjcrSqTC66cNJnX"}}, {"model": "api.orderitem", "pk": 61, "fields": {"order": 43, "product": 3, "transaction_id": "tok_1EkP0JGawDjcrSqTC66cNJnX"}}, {"model": "api.orderitem", "pk": 62, "fields": {"order": 43, "product": 1, "transaction_id": "tok_1EkP0JGawDjcrSqTC66cNJnX"}}, {"model": "api.orderitem", "pk": 63, "fields": {"order": 44, "product": 1, "transaction_id": "tok_1EkRaYGawDjcrSqTokR94QtT"}}, {"model": "api.orderitem", "pk": 64, "fields": {"order": 45, "product": 2, "transaction_id": "tok_1EkVj2GawDjcrSqTZhKljbxj"}}, {"model": "api.orderitem", "pk": 65, "fields": {"order": 45, "product": 3, "transaction_id": "tok_1EkVj2GawDjcrSqTZhKljbxj"}}, {"model": "api.orderitem", "pk": 66, "fields": {"order": 45, "product": 1, "transaction_id": "tok_1EkVj2GawDjcrSqTZhKljbxj"}}, {"model": "api.orderitem", "pk": 67, "fields": {"order": 46, "product": 1, "transaction_id": null}}, {"model": "api.orderitem", "pk": 68, "fields": {"order": 47, "product": 1, "transaction_id": null}}, {"model": "api.orderitem", "pk": 69, "fields": {"order": 48, "product": 1, "transaction_id": null}}, {"model": "api.orderitem", "pk": 70, "fields": {"order": 49, "product": 1, "transaction_id": "tok_1EkXI9GawDjcrSqTTq7JGit5"}}, {"model": "api.orderitem", "pk": 71, "fields": {"order": 50, "product": 1, "transaction_id": null}}, {"model": "api.orderitem", "pk": 72, "fields": {"order": 51, "product": 1, "transaction_id": null}}, {"model": "api.orderitem", "pk": 73, "fields": {"order": 52, "product": 1, "transaction_id": null}}, {"model": "api.orderitem", "pk": 74, "fields": {"order": 53, "product": 1, "transaction_id": null}}, {"model": "api.orderitem", "pk": 75, "fields": {"order": 54, "product": 1, "transaction_id": null}}, {"model": "api.orderitem", "pk": 76, "fields": {"order": 55, "product": 1, "transaction_id": null}}, {"model": "api.orderitem", "pk": 77, "fields": {"order": 56, "product": 1, "transaction_id": null}}, {"model": "api.orderitem", "pk": 78, "fields": {"order": 57, "product": 1, "transaction_id": null}}, {"model": "api.orderitem", "pk": 79, "fields": {"order": 58, "product": 1, "transaction_id": null}}, {"model": "api.orderitem", "pk": 80, "fields": {"order": 59, "product": 1, "transaction_id": null}}, {"model": "api.orderitem", "pk": 81, "fields": {"order": 60, "product": 1, "transaction_id": null}}, {"model": "api.orderitem", "pk": 82, "fields": {"order": 61, "product": 1, "transaction_id": null}}, {"model": "api.orderitem", "pk": 83, "fields": {"order": 62, "product": 1, "transaction_id": null}}, {"model": "api.orderitem", "pk": 84, "fields": {"order": 63, "product": 1, "transaction_id": null}}, {"model": "api.orderitem", "pk": 85, "fields": {"order": 64, "product": 1, "transaction_id": null}}, {"model": "api.orderitem", "pk": 86, "fields": {"order": 65, "product": 1, "transaction_id": null}}, {"model": "api.orderitem", "pk": 87, "fields": {"order": 66, "product": 1, "transaction_id": null}}, {"model": "api.orderitem", "pk": 88, "fields": {"order": 67, "product": 1, "transaction_id": null}}, {"model": "api.orderitem", "pk": 89, "fields": {"order": 68, "product": 1, "transaction_id": null}}, {"model": "api.orderitem", "pk": 90, "fields": {"order": 69, "product": 1, "transaction_id": null}}, {"model": "api.orderitem", "pk": 91, "fields": {"order": 70, "product": 1, "transaction_id": null}}, {"model": "api.orderitem", "pk": 92, "fields": {"order": 71, "product": 1, "transaction_id": "tok_1EkkpyGawDjcrSqTfh6gcpu9"}}, {"model": "api.orderitem", "pk": 93, "fields": {"order": 72, "product": 1, "transaction_id": null}}, {"model": "api.orderitem", "pk": 94, "fields": {"order": 73, "product": 1, "transaction_id": null}}, {"model": "api.orderitem", "pk": 95, "fields": {"order": 74, "product": 1, "transaction_id": null}}, {"model": "api.orderitem", "pk": 96, "fields": {"order": 75, "product": 1, "transaction_id": "tok_1EklChGawDjcrSqTdkaugq7f"}}, {"model": "api.orderitem", "pk": 97, "fields": {"order": 76, "product": 4, "transaction_id": "tok_1EklEkGawDjcrSqTGWce5taZ"}}, {"model": "api.orderitem", "pk": 98, "fields": {"order": 76, "product": 2, "transaction_id": "tok_1EklEkGawDjcrSqTGWce5taZ"}}, {"model": "api.orderitem", "pk": 99, "fields": {"order": 76, "product": 3, "transaction_id": "tok_1EklEkGawDjcrSqTGWce5taZ"}}, {"model": "api.orderitem", "pk": 100, "fields": {"order": 76, "product": 1, "transaction_id": "tok_1EklEkGawDjcrSqTGWce5taZ"}}, {"model": "api.orderitem", "pk": 101, "fields": {"order": 77, "product": 2, "transaction_id": "tok_1EklIkGawDjcrSqTD5OLUrv5"}}, {"model": "api.orderitem", "pk": 102, "fields": {"order": 77, "product": 4, "transaction_id": "tok_1EklIkGawDjcrSqTD5OLUrv5"}}, {"model": "api.orderitem", "pk": 103, "fields": {"order": 77, "product": 1, "transaction_id": "tok_1EklIkGawDjcrSqTD5OLUrv5"}}, {"model": "api.orderitem", "pk": 104, "fields": {"order": 77, "product": 3, "transaction_id": "tok_1EklIkGawDjcrSqTD5OLUrv5"}}, {"model": "api.orderitem", "pk": 105, "fields": {"order": 78, "product": 1, "transaction_id": "tok_1EklagGawDjcrSqT2qUVI3Yj"}}, {"model": "api.orderitem", "pk": 106, "fields": {"order": 79, "product": 2, "transaction_id": null}}, {"model": "api.orderitem", "pk": 107, "fields": {"order": 80, "product": 2, "transaction_id": null}}, {"model": "api.orderitem", "pk": 108, "fields": {"order": 81, "product": 2, "transaction_id": null}}, {"model": "api.orderitem", "pk": 109, "fields": {"order": 82, "product": 2, "transaction_id": null}}, {"model": "api.orderitem", "pk": 110, "fields": {"order": 83, "product": 2, "transaction_id": null}}, {"model": "api.orderitem", "pk": 111, "fields": {"order": 84, "product": 2, "transaction_id": null}}, {"model": "api.orderitem", "pk": 112, "fields": {"order": 85, "product": 2, "transaction_id": null}}, {"model": "api.orderitem", "pk": 113, "fields": {"order": 86, "product": 2, "transaction_id": null}}, {"model": "api.orderitem", "pk": 114, "fields": {"order": 87, "product": 2, "transaction_id": null}}, {"model": "api.orderitem", "pk": 115, "fields": {"order": 88, "product": 2, "transaction_id": null}}, {"model": "api.orderitem", "pk": 116, "fields": {"order": 89, "product": 4, "transaction_id": null}}, {"model": "api.orderitem", "pk": 117, "fields": {"order": 90, "product": 4, "transaction_id": "tok_1EktY1GawDjcrSqT7Y8wQydK"}}, {"model": "api.orderitem", "pk": 118, "fields": {"order": 91, "product": 4, "transaction_id": null}}, {"model": "api.orderitem", "pk": 119, "fields": {"order": 92, "product": 4, "transaction_id": null}}, {"model": "api.orderitem", "pk": 120, "fields": {"order": 93, "product": 4, "transaction_id": null}}, {"model": "api.orderitem", "pk": 121, "fields": {"order": 94, "product": 4, "transaction_id": null}}, {"model": "api.orderitem", "pk": 122, "fields": {"order": 95, "product": 4, "transaction_id": "tok_1EktmxGawDjcrSqTCJak8NXS"}}, {"model": "api.orderitem", "pk": 123, "fields": {"order": 96, "product": 5, "transaction_id": null}}, {"model": "api.orderitem", "pk": 124, "fields": {"order": 97, "product": 5, "transaction_id": null}}, {"model": "api.orderitem", "pk": 125, "fields": {"order": 98, "product": 2, "transaction_id": null}}, {"model": "api.orderitem", "pk": 126, "fields": {"order": 99, "product": 2, "transaction_id": null}}, {"model": "api.orderitem", "pk": 127, "fields": {"order": 100, "product": 4, "transaction_id": null}}, {"model": "api.orderitem", "pk": 128, "fields": {"order": 101, "product": 4, "transaction_id": "tok_1ElAzfGawDjcrSqTfG7UzLuX"}}, {"model": "api.orderitem", "pk": 129, "fields": {"order": 102, "product": 4, "transaction_id": null}}, {"model": "api.orderitem", "pk": 130, "fields": {"order": 103, "product": 4, "transaction_id": "tok_1ElBkTGawDjcrSqTlDHAJTHb"}}, {"model": "api.orderitem", "pk": 131, "fields": {"order": 104, "product": 2, "transaction_id": null}}, {"model": "api.orderitem", "pk": 132, "fields": {"order": 104, "product": 4, "transaction_id": null}}, {"model": "api.orderitem", "pk": 133, "fields": {"order": 105, "product": 4, "transaction_id": null}}, {"model": "api.orderitem", "pk": 134, "fields": {"order": 105, "product": 1, "transaction_id": null}}, {"model": "api.orderitem", "pk": 135, "fields": {"order": 106, "product": 1, "transaction_id": "tok_1ElHUqGawDjcrSqTeP9FkG5Y"}}, {"model": "api.orderitem", "pk": 136, "fields": {"order": 106, "product": 3, "transaction_id": "tok_1ElHUqGawDjcrSqTeP9FkG5Y"}}, {"model": "api.orderitem", "pk": 137, "fields": {"order": 107, "product": 2, "transaction_id": null}}, {"model": "api.orderitem", "pk": 138, "fields": {"order": 108, "product": 2, "transaction_id": "tok_1ElU7HGawDjcrSqT1290AJJW"}}, {"model": "api.orderitem", "pk": 139, "fields": {"order": 109, "product": 2, "transaction_id": "tok_1ElUEjGawDjcrSqTwFLqoTs1"}}, {"model": "api.orderitem", "pk": 140, "fields": {"order": 110, "product": 2, "transaction_id": "tok_1ElUGkGawDjcrSqTUeHax9Wp"}}, {"model": "api.orderitem", "pk": 141, "fields": {"order": 111, "product": 2, "transaction_id": "tok_1ElUKVGawDjcrSqTRJEY9O7G"}}, {"model": "api.orderitem", "pk": 142, "fields": {"order": 112, "product": 2, "transaction_id": "tok_1ElUNRGawDjcrSqTHym435DA"}}, {"model": "api.orderitem", "pk": 143, "fields": {"order": 113, "product": 2, "transaction_id": "tok_1ElURQGawDjcrSqTzhdqyVvT"}}, {"model": "api.orderitem", "pk": 144, "fields": {"order": 114, "product": 2, "transaction_id": null}}, {"model": "api.orderitem", "pk": 145, "fields": {"order": 115, "product": 2, "transaction_id": null}}, {"model": "api.orderitem", "pk": 146, "fields": {"order": 116, "product": 2, "transaction_id": null}}, {"model": "api.orderitem", "pk": 147, "fields": {"order": 116, "product": 4, "transaction_id": null}}, {"model": "api.orderitem", "pk": 148, "fields": {"order": 117, "product": 2, "transaction_id": null}}, {"model": "api.orderitem", "pk": 149, "fields": {"order": 118, "product": 5, "transaction_id": null}}, {"model": "api.orderitem", "pk": 150, "fields": {"order": 119, "product": 5, "transaction_id": null}}, {"model": "api.orderitem", "pk": 151, "fields": {"order": 120, "product": 2, "transaction_id": null}}, {"model": "api.orderitem", "pk": 152, "fields": {"order": 121, "product": 5, "transaction_id": null}}, {"model": "api.orderitem", "pk": 153, "fields": {"order": 122, "product": 5, "transaction_id": "tok_1ElZyWGawDjcrSqTnp5ostTw"}}, {"model": "api.orderitem", "pk": 154, "fields": {"order": 123, "product": 2, "transaction_id": null}}, {"model": "api.orderitem", "pk": 155, "fields": {"order": 124, "product": 2, "transaction_id": "tok_1ElZxKGawDjcrSqT0GHtiR0H"}}, {"model": "api.orderitem", "pk": 156, "fields": {"order": 125, "product": 2, "transaction_id": "tok_1ElapnGawDjcrSqTLXZZ0FH3"}}, {"model": "api.orderitem", "pk": 157, "fields": {"order": 126, "product": 4, "transaction_id": null}}, {"model": "api.orderitem", "pk": 158, "fields": {"order": 127, "product": 4, "transaction_id": null}}, {"model": "api.orderitem", "pk": 159, "fields": {"order": 128, "product": 2, "transaction_id": "tok_1Elb6CGawDjcrSqTCd9PY6vF"}}, {"model": "api.orderitem", "pk": 160, "fields": {"order": 129, "product": 2, "transaction_id": null}}, {"model": "api.orderitem", "pk": 161, "fields": {"order": 130, "product": 2, "transaction_id": "tok_1Elc6fGawDjcrSqTmi5wav1G"}}, {"model": "api.orderitem", "pk": 162, "fields": {"order": 130, "product": 4, "transaction_id": "tok_1Elc6fGawDjcrSqTmi5wav1G"}}, {"model": "api.orderitem", "pk": 163, "fields": {"order": 131, "product": 4, "transaction_id": "tok_1Elc7TGawDjcrSqTW0DJ3Jy2"}}, {"model": "api.orderitem", "pk": 164, "fields": {"order": 132, "product": 4, "transaction_id": null}}, {"model": "api.orderitem", "pk": 165, "fields": {"order": 133, "product": 4, "transaction_id": null}}, {"model": "api.orderitem", "pk": 166, "fields": {"order": 134, "product": 4, "transaction_id": null}}, {"model": "api.orderitem", "pk": 167, "fields": {"order": 135, "product": 4, "transaction_id": null}}, {"model": "api.orderitem", "pk": 168, "fields": {"order": 136, "product": 4, "transaction_id": null}}, {"model": "api.orderitem", "pk": 169, "fields": {"order": 137, "product": 4, "transaction_id": null}}, {"model": "api.orderitem", "pk": 170, "fields": {"order": 138, "product": 4, "transaction_id": null}}, {"model": "api.orderitem", "pk": 171, "fields": {"order": 139, "product": 4, "transaction_id": null}}, {"model": "api.orderitem", "pk": 172, "fields": {"order": 140, "product": 5, "transaction_id": null}}, {"model": "api.orderitem", "pk": 173, "fields": {"order": 141, "product": 5, "transaction_id": null}}, {"model": "api.orderitem", "pk": 174, "fields": {"order": 142, "product": 2, "transaction_id": null}}, {"model": "api.orderitem", "pk": 175, "fields": {"order": 142, "product": 4, "transaction_id": null}}, {"model": "api.orderitem", "pk": 176, "fields": {"order": 142, "product": 1, "transaction_id": null}}, {"model": "api.orderitem", "pk": 177, "fields": {"order": 142, "product": 3, "transaction_id": null}}, {"model": "api.orderitem", "pk": 178, "fields": {"order": 143, "product": 2, "transaction_id": null}}, {"model": "api.orderitem", "pk": 179, "fields": {"order": 143, "product": 4, "transaction_id": null}}, {"model": "api.orderitem", "pk": 180, "fields": {"order": 143, "product": 1, "transaction_id": null}}, {"model": "api.orderitem", "pk": 181, "fields": {"order": 143, "product": 3, "transaction_id": null}}, {"model": "api.orderitem", "pk": 182, "fields": {"order": 144, "product": 2, "transaction_id": null}}, {"model": "api.orderitem", "pk": 183, "fields": {"order": 144, "product": 4, "transaction_id": null}}, {"model": "api.orderitem", "pk": 184, "fields": {"order": 144, "product": 1, "transaction_id": null}}, {"model": "api.orderitem", "pk": 185, "fields": {"order": 144, "product": 3, "transaction_id": null}}, {"model": "api.orderitem", "pk": 186, "fields": {"order": 145, "product": 2, "transaction_id": null}}, {"model": "api.orderitem", "pk": 187, "fields": {"order": 145, "product": 4, "transaction_id": null}}, {"model": "api.orderitem", "pk": 188, "fields": {"order": 145, "product": 1, "transaction_id": null}}, {"model": "api.orderitem", "pk": 189, "fields": {"order": 145, "product": 3, "transaction_id": null}}, {"model": "api.orderitem", "pk": 190, "fields": {"order": 146, "product": 2, "transaction_id": null}}, {"model": "api.orderitem", "pk": 191, "fields": {"order": 146, "product": 4, "transaction_id": null}}, {"model": "api.orderitem", "pk": 192, "fields": {"order": 146, "product": 1, "transaction_id": null}}, {"model": "api.orderitem", "pk": 193, "fields": {"order": 146, "product": 3, "transaction_id": null}}, {"model": "api.orderitem", "pk": 194, "fields": {"order": 147, "product": 5, "transaction_id": null}}, {"model": "api.orderitem", "pk": 195, "fields": {"order": 148, "product": 5, "transaction_id": null}}, {"model": "api.orderitem", "pk": 196, "fields": {"order": 149, "product": 5, "transaction_id": null}}, {"model": "api.orderitem", "pk": 197, "fields": {"order": 150, "product": 2, "transaction_id": null}}, {"model": "api.orderitem", "pk": 198, "fields": {"order": 151, "product": 2, "transaction_id": null}}, {"model": "api.orderitem", "pk": 199, "fields": {"order": 152, "product": 4, "transaction_id": null}}, {"model": "api.orderitem", "pk": 200, "fields": {"order": 153, "product": 2, "transaction_id": null}}, {"model": "api.orderitem", "pk": 201, "fields": {"order": 154, "product": 4, "transaction_id": null}}, {"model": "api.orderitem", "pk": 202, "fields": {"order": 155, "product": 4, "transaction_id": null}}, {"model": "api.orderitem", "pk": 203, "fields": {"order": 156, "product": 4, "transaction_id": null}}, {"model": "api.orderitem", "pk": 204, "fields": {"order": 157, "product": 4, "transaction_id": null}}, {"model": "api.orderitem", "pk": 205, "fields": {"order": 158, "product": 4, "transaction_id": null}}, {"model": "api.orderitem", "pk": 206, "fields": {"order": 159, "product": 4, "transaction_id": null}}, {"model": "api.orderitem", "pk": 207, "fields": {"order": 160, "product": 4, "transaction_id": null}}, {"model": "api.orderitem", "pk": 208, "fields": {"order": 161, "product": 4, "transaction_id": null}}, {"model": "api.orderitem", "pk": 209, "fields": {"order": 162, "product": 4, "transaction_id": null}}, {"model": "api.orderitem", "pk": 210, "fields": {"order": 163, "product": 2, "transaction_id": "tok_1EmZAnGawDjcrSqTAY5EE0Cj"}}, {"model": "api.orderitem", "pk": 211, "fields": {"order": 163, "product": 4, "transaction_id": "tok_1EmZAnGawDjcrSqTAY5EE0Cj"}}, {"model": "api.orderitem", "pk": 212, "fields": {"order": 164, "product": 5, "transaction_id": null}}, {"model": "api.orderitem", "pk": 213, "fields": {"order": 165, "product": 5, "transaction_id": null}}, {"model": "api.orderitem", "pk": 214, "fields": {"order": 166, "product": 5, "transaction_id": "tok_1En3VAGawDjcrSqTClehAFii"}}, {"model": "api.orderitem", "pk": 215, "fields": {"order": 167, "product": 4, "transaction_id": null}}, {"model": "api.orderitem", "pk": 216, "fields": {"order": 168, "product": 5, "transaction_id": null}}, {"model": "api.orderitem", "pk": 217, "fields": {"order": 169, "product": 5, "transaction_id": null}}, {"model": "api.orderitem", "pk": 218, "fields": {"order": 170, "product": 4, "transaction_id": null}}, {"model": "api.orderitem", "pk": 219, "fields": {"order": 170, "product": 3, "transaction_id": null}}, {"model": "api.orderitem", "pk": 220, "fields": {"order": 171, "product": 4, "transaction_id": null}}, {"model": "api.orderitem", "pk": 221, "fields": {"order": 171, "product": 3, "transaction_id": null}}, {"model": "api.orderitem", "pk": 222, "fields": {"order": 172, "product": 4, "transaction_id": "tok_1EneDOGawDjcrSqT0qbLJgAi"}}, {"model": "api.orderitem", "pk": 223, "fields": {"order": 172, "product": 3, "transaction_id": "tok_1EneDOGawDjcrSqT0qbLJgAi"}}, {"model": "api.orderitem", "pk": 224, "fields": {"order": 173, "product": 2, "transaction_id": null}}, {"model": "api.orderitem", "pk": 225, "fields": {"order": 174, "product": 3, "transaction_id": null}}, {"model": "api.orderitem", "pk": 226, "fields": {"order": 175, "product": 3, "transaction_id": null}}, {"model": "api.orderitem", "pk": 227, "fields": {"order": 176, "product": 3, "transaction_id": null}}, {"model": "api.orderitem", "pk": 228, "fields": {"order": 177, "product": 3, "transaction_id": null}}, {"model": "api.orderitem", "pk": 229, "fields": {"order": 178, "product": 3, "transaction_id": null}}, {"model": "api.orderitem", "pk": 230, "fields": {"order": 179, "product": 3, "transaction_id": null}}, {"model": "api.orderitem", "pk": 231, "fields": {"order": 180, "product": 3, "transaction_id": null}}, {"model": "api.orderitem", "pk": 232, "fields": {"order": 181, "product": 3, "transaction_id": null}}, {"model": "api.orderitem", "pk": 233, "fields": {"order": 182, "product": 4, "transaction_id": null}}, {"model": "api.orderitem", "pk": 234, "fields": {"order": 182, "product": 3, "transaction_id": null}}, {"model": "api.orderitem", "pk": 235, "fields": {"order": 183, "product": 4, "transaction_id": "tok_1EngPPGawDjcrSqT8Y0dtFt3"}}, {"model": "api.orderitem", "pk": 236, "fields": {"order": 183, "product": 3, "transaction_id": "tok_1EngPPGawDjcrSqT8Y0dtFt3"}}, {"model": "api.orderitem", "pk": 237, "fields": {"order": 184, "product": 4, "transaction_id": "tok_1EngXEGawDjcrSqT7Vn8Dk0D"}}, {"model": "api.orderitem", "pk": 238, "fields": {"order": 185, "product": 4, "transaction_id": "tok_1EngZ4GawDjcrSqTfdgmc3NY"}}, {"model": "api.orderitem", "pk": 239, "fields": {"order": 185, "product": 3, "transaction_id": "tok_1EngZ4GawDjcrSqTfdgmc3NY"}}, {"model": "api.orderitem", "pk": 240, "fields": {"order": 186, "product": 4, "transaction_id": "tok_1EngbkGawDjcrSqTbJXuOKJi"}}, {"model": "api.orderitem", "pk": 241, "fields": {"order": 186, "product": 2, "transaction_id": "tok_1EngbkGawDjcrSqTbJXuOKJi"}}, {"model": "api.orderitem", "pk": 242, "fields": {"order": 186, "product": 3, "transaction_id": "tok_1EngbkGawDjcrSqTbJXuOKJi"}}, {"model": "api.orderitem", "pk": 243, "fields": {"order": 187, "product": 4, "transaction_id": "tok_1EngrcGawDjcrSqT5pModCyv"}}, {"model": "api.orderitem", "pk": 244, "fields": {"order": 187, "product": 3, "transaction_id": "tok_1EngrcGawDjcrSqT5pModCyv"}}, {"model": "api.orderitem", "pk": 245, "fields": {"order": 188, "product": 4, "transaction_id": "tok_1EngywGawDjcrSqTicdhnXMs"}}, {"model": "api.orderitem", "pk": 246, "fields": {"order": 188, "product": 3, "transaction_id": "tok_1EngywGawDjcrSqTicdhnXMs"}}, {"model": "api.orderitem", "pk": 247, "fields": {"order": 189, "product": 4, "transaction_id": "tok_1EnhKdGawDjcrSqTu6Csqx9X"}}, {"model": "api.orderitem", "pk": 248, "fields": {"order": 189, "product": 3, "transaction_id": "tok_1EnhKdGawDjcrSqTu6Csqx9X"}}, {"model": "api.orderitem", "pk": 249, "fields": {"order": 190, "product": 4, "transaction_id": "tok_1EnhIgGawDjcrSqTXbrSuKxB"}}, {"model": "api.orderitem", "pk": 250, "fields": {"order": 191, "product": 4, "transaction_id": "tok_1EnhMTGawDjcrSqTSgDJN62z"}}, {"model": "api.orderitem", "pk": 251, "fields": {"order": 191, "product": 3, "transaction_id": "tok_1EnhMTGawDjcrSqTSgDJN62z"}}, {"model": "api.orderitem", "pk": 252, "fields": {"order": 192, "product": 4, "transaction_id": "tok_1EnhP0GawDjcrSqT11TZGjcd"}}, {"model": "api.orderitem", "pk": 253, "fields": {"order": 192, "product": 3, "transaction_id": "tok_1EnhP0GawDjcrSqT11TZGjcd"}}, {"model": "api.orderitem", "pk": 254, "fields": {"order": 193, "product": 4, "transaction_id": "tok_1EnhUZGawDjcrSqTsw0GwLYv"}}, {"model": "api.orderitem", "pk": 255, "fields": {"order": 193, "product": 3, "transaction_id": "tok_1EnhUZGawDjcrSqTsw0GwLYv"}}, {"model": "api.orderitem", "pk": 256, "fields": {"order": 194, "product": 3, "transaction_id": "ch_1Eni4YGawDjcrSqTimdrfwdi"}}, {"model": "api.orderitem", "pk": 257, "fields": {"order": 195, "product": 3, "transaction_id": "ch_1EniDLGawDjcrSqTEnWmUWei"}}, {"model": "api.orderitem", "pk": 258, "fields": {"order": 196, "product": 3, "transaction_id": "ch_1EniHwGawDjcrSqTZNsBgmXT"}}, {"model": "api.orderitem", "pk": 259, "fields": {"order": 197, "product": 3, "transaction_id": "ch_1Enie4GawDjcrSqTl1LWreH1"}}, {"model": "api.orderitem", "pk": 260, "fields": {"order": 198, "product": 4, "transaction_id": "ch_1Enj1KGawDjcrSqTffSj1vcL"}}, {"model": "api.orderitem", "pk": 261, "fields": {"order": 198, "product": 3, "transaction_id": "ch_1Enj1KGawDjcrSqTffSj1vcL"}}, {"model": "api.orderitem", "pk": 262, "fields": {"order": 199, "product": 4, "transaction_id": null}}, {"model": "api.orderitem", "pk": 263, "fields": {"order": 199, "product": 3, "transaction_id": null}}, {"model": "api.orderitem", "pk": 264, "fields": {"order": 200, "product": 4, "transaction_id": null}}, {"model": "api.orderitem", "pk": 265, "fields": {"order": 200, "product": 3, "transaction_id": null}}, {"model": "api.orderitem", "pk": 266, "fields": {"order": 201, "product": 4, "transaction_id": "ch_1Enj4qGawDjcrSqTKVK7MRST"}}, {"model": "api.orderitem", "pk": 267, "fields": {"order": 201, "product": 3, "transaction_id": "ch_1Enj4qGawDjcrSqTKVK7MRST"}}, {"model": "api.orderitem", "pk": 268, "fields": {"order": 202, "product": 3, "transaction_id": null}}, {"model": "api.orderitem", "pk": 269, "fields": {"order": 203, "product": 4, "transaction_id": null}}, {"model": "api.orderitem", "pk": 270, "fields": {"order": 203, "product": 1, "transaction_id": null}}, {"model": "api.orderitem", "pk": 271, "fields": {"order": 204, "product": 3, "transaction_id": "ch_1EnkqBGawDjcrSqTSbpngnMO"}}, {"model": "api.orderitem", "pk": 272, "fields": {"order": 205, "product": 4, "transaction_id": "ch_1EnlEcGawDjcrSqTg4mDMSX9"}}, {"model": "api.orderitem", "pk": 273, "fields": {"order": 206, "product": 4, "transaction_id": null}}, {"model": "api.orderitem", "pk": 274, "fields": {"order": 207, "product": 4, "transaction_id": "ch_1EnlJBGawDjcrSqTETgIeE08"}}, {"model": "api.orderitem", "pk": 275, "fields": {"order": 208, "product": 3, "transaction_id": "ch_1EnlxyGawDjcrSqT9lG4jePc"}}, {"model": "api.orderitem", "pk": 276, "fields": {"order": 209, "product": 8, "transaction_id": null}}, {"model": "api.orderitem", "pk": 277, "fields": {"order": 210, "product": 4, "transaction_id": null}}, {"model": "api.orderitem", "pk": 278, "fields": {"order": 210, "product": 3, "transaction_id": null}}, {"model": "api.orderitem", "pk": 279, "fields": {"order": 211, "product": 3, "transaction_id": null}}, {"model": "api.orderitem", "pk": 280, "fields": {"order": 212, "product": 3, "transaction_id": "ch_1EnmaeGawDjcrSqTToIzrgwf"}}, {"model": "api.orderitem", "pk": 281, "fields": {"order": 213, "product": 4, "transaction_id": "ch_1EnmjDGawDjcrSqTIrnTwgUG"}}, {"model": "api.orderitem", "pk": 282, "fields": {"order": 213, "product": 3, "transaction_id": "ch_1EnmjDGawDjcrSqTIrnTwgUG"}}, {"model": "api.orderitem", "pk": 283, "fields": {"order": 214, "product": 3, "transaction_id": null}}, {"model": "api.orderitem", "pk": 284, "fields": {"order": 215, "product": 3, "transaction_id": "ch_1EnmvlGawDjcrSqTXAAV7tBp"}}, {"model": "api.orderitem", "pk": 285, "fields": {"order": 216, "product": 3, "transaction_id": null}}, {"model": "api.orderitem", "pk": 286, "fields": {"order": 217, "product": 3, "transaction_id": null}}, {"model": "api.orderitem", "pk": 287, "fields": {"order": 218, "product": 3, "transaction_id": null}}, {"model": "api.orderitem", "pk": 288, "fields": {"order": 219, "product": 3, "transaction_id": null}}, {"model": "api.orderitem", "pk": 289, "fields": {"order": 220, "product": 3, "transaction_id": "ch_1EnnkOGawDjcrSqTpagoEEwN"}}, {"model": "api.orderitem", "pk": 290, "fields": {"order": 221, "product": 3, "transaction_id": null}}, {"model": "api.orderitem", "pk": 291, "fields": {"order": 222, "product": 3, "transaction_id": null}}, {"model": "api.orderitem", "pk": 292, "fields": {"order": 223, "product": 3, "transaction_id": "ch_1EnpMSGawDjcrSqTXTih9nDA"}}, {"model": "api.orderitem", "pk": 293, "fields": {"order": 224, "product": 3, "transaction_id": null}}, {"model": "api.orderitem", "pk": 294, "fields": {"order": 225, "product": 3, "transaction_id": "ch_1Eo4FnGawDjcrSqTji2PZhMC"}}, {"model": "api.orderitem", "pk": 295, "fields": {"order": 226, "product": 3, "transaction_id": null}}, {"model": "api.orderitem", "pk": 296, "fields": {"order": 227, "product": 4, "transaction_id": "ch_1Eo5NuGawDjcrSqT6fXvTRrH"}}, {"model": "api.orderitem", "pk": 297, "fields": {"order": 228, "product": 4, "transaction_id": "ch_1Eo6cWGawDjcrSqTVTqelLIZ"}}, {"model": "api.orderitem", "pk": 298, "fields": {"order": 228, "product": 3, "transaction_id": "ch_1Eo6cWGawDjcrSqTVTqelLIZ"}}, {"model": "api.orderitem", "pk": 299, "fields": {"order": 229, "product": 3, "transaction_id": null}}, {"model": "api.orderitem", "pk": 300, "fields": {"order": 230, "product": 3, "transaction_id": null}}, {"model": "api.orderitem", "pk": 301, "fields": {"order": 231, "product": 3, "transaction_id": "ch_1Eo7ilGawDjcrSqTakO4m5jV"}}, {"model": "api.orderitem", "pk": 302, "fields": {"order": 232, "product": 3, "transaction_id": "ch_1Eo7mFGawDjcrSqTJVoO4hHt"}}, {"model": "api.orderitem", "pk": 303, "fields": {"order": 233, "product": 3, "transaction_id": null}}, {"model": "api.orderitem", "pk": 304, "fields": {"order": 234, "product": 3, "transaction_id": null}}, {"model": "api.orderitem", "pk": 305, "fields": {"order": 235, "product": 4, "transaction_id": null}}, {"model": "api.orderitem", "pk": 306, "fields": {"order": 235, "product": 2, "transaction_id": null}}, {"model": "api.orderitem", "pk": 307, "fields": {"order": 236, "product": 4, "transaction_id": null}}, {"model": "api.orderitem", "pk": 308, "fields": {"order": 236, "product": 2, "transaction_id": null}}, {"model": "api.orderitem", "pk": 309, "fields": {"order": 237, "product": 3, "transaction_id": null}}, {"model": "api.orderitem", "pk": 310, "fields": {"order": 238, "product": 4, "transaction_id": null}}, {"model": "api.orderitem", "pk": 311, "fields": {"order": 238, "product": 2, "transaction_id": null}}, {"model": "api.orderitem", "pk": 312, "fields": {"order": 239, "product": 4, "transaction_id": null}}, {"model": "api.orderitem", "pk": 313, "fields": {"order": 239, "product": 2, "transaction_id": null}}, {"model": "api.orderitem", "pk": 314, "fields": {"order": 240, "product": 4, "transaction_id": "ch_1EoDf2GawDjcrSqTZQWekqlQ"}}, {"model": "api.orderitem", "pk": 315, "fields": {"order": 240, "product": 2, "transaction_id": "ch_1EoDf2GawDjcrSqTZQWekqlQ"}}, {"model": "api.orderitem", "pk": 316, "fields": {"order": 241, "product": 4, "transaction_id": "ch_1EoDtQGawDjcrSqTbjYJQPGO"}}, {"model": "api.orderitem", "pk": 317, "fields": {"order": 242, "product": 4, "transaction_id": "ch_1EoDytGawDjcrSqTHbyutlhv"}}, {"model": "api.orderitem", "pk": 318, "fields": {"order": 243, "product": 4, "transaction_id": "ch_1EoE4pGawDjcrSqT5ab1e215"}}, {"model": "api.orderitem", "pk": 319, "fields": {"order": 244, "product": 4, "transaction_id": "ch_1EoE8bGawDjcrSqTty3LSjl8"}}, {"model": "api.orderitem", "pk": 320, "fields": {"order": 245, "product": 4, "transaction_id": "ch_1EoF2ZGawDjcrSqT5QChlB1a"}}, {"model": "api.orderitem", "pk": 321, "fields": {"order": 246, "product": 4, "transaction_id": "ch_1EoFVkGawDjcrSqTVnmma7Je"}}, {"model": "api.orderitem", "pk": 322, "fields": {"order": 247, "product": 3, "transaction_id": null}}, {"model": "api.orderitem", "pk": 323, "fields": {"order": 248, "product": 3, "transaction_id": null}}, {"model": "api.orderitem", "pk": 324, "fields": {"order": 249, "product": 3, "transaction_id": null}}, {"model": "api.orderitem", "pk": 325, "fields": {"order": 250, "product": 3, "transaction_id": null}}, {"model": "api.orderitem", "pk": 326, "fields": {"order": 251, "product": 3, "transaction_id": null}}, {"model": "api.orderitem", "pk": 327, "fields": {"order": 252, "product": 3, "transaction_id": "ch_1EoFnCGawDjcrSqTuSBtSLxy"}}, {"model": "api.orderitem", "pk": 328, "fields": {"order": 253, "product": 4, "transaction_id": null}}, {"model": "api.orderitem", "pk": 329, "fields": {"order": 254, "product": 4, "transaction_id": "ch_1EoGD7GawDjcrSqT3wgQ9LCa"}}, {"model": "api.orderitem", "pk": 330, "fields": {"order": 255, "product": 4, "transaction_id": null}}, {"model": "api.orderitem", "pk": 331, "fields": {"order": 256, "product": 4, "transaction_id": null}}, {"model": "api.orderitem", "pk": 332, "fields": {"order": 257, "product": 3, "transaction_id": "ch_1EoGhHGawDjcrSqTQTLU4I2W"}}, {"model": "api.orderitem", "pk": 333, "fields": {"order": 258, "product": 4, "transaction_id": "ch_1EoMmVGawDjcrSqTHI5mGxZY"}}, {"model": "api.orderitem", "pk": 334, "fields": {"order": 258, "product": 3, "transaction_id": "ch_1EoMmVGawDjcrSqTHI5mGxZY"}}, {"model": "api.orderitem", "pk": 335, "fields": {"order": 259, "product": 4, "transaction_id": null}}, {"model": "api.orderitem", "pk": 336, "fields": {"order": 259, "product": 3, "transaction_id": null}}, {"model": "api.orderitem", "pk": 337, "fields": {"order": 260, "product": 4, "transaction_id": "ch_1EoNMDGawDjcrSqTq7xAc1fH"}}, {"model": "api.orderitem", "pk": 338, "fields": {"order": 260, "product": 3, "transaction_id": "ch_1EoNMDGawDjcrSqTq7xAc1fH"}}, {"model": "api.orderitem", "pk": 339, "fields": {"order": 267, "product": 4, "transaction_id": null}}, {"model": "api.orderitem", "pk": 340, "fields": {"order": 268, "product": 4, "transaction_id": null}}, {"model": "api.orderitem", "pk": 341, "fields": {"order": 269, "product": 4, "transaction_id": "ch_1EoONiGawDjcrSqTsncGK1we"}}, {"model": "api.orderitem", "pk": 342, "fields": {"order": 270, "product": 4, "transaction_id": null}}, {"model": "api.orderitem", "pk": 343, "fields": {"order": 271, "product": 4, "transaction_id": "ch_1EoOX8GawDjcrSqT0Q7p2nGy"}}, {"model": "api.orderitem", "pk": 344, "fields": {"order": 272, "product": 3, "transaction_id": "ch_1EoOdYGawDjcrSqTTK0Hh8Ix"}}, {"model": "api.orderitem", "pk": 345, "fields": {"order": 273, "product": 3, "transaction_id": "ch_1EoOpPGawDjcrSqT6AjhL77N"}}, {"model": "api.orderitem", "pk": 346, "fields": {"order": 274, "product": 2, "transaction_id": null}}, {"model": "api.orderitem", "pk": 347, "fields": {"order": 275, "product": 2, "transaction_id": "ch_1EoPLoGawDjcrSqT5XBcFf67"}}, {"model": "api.orderitem", "pk": 348, "fields": {"order": 276, "product": 4, "transaction_id": null}}, {"model": "api.orderitem", "pk": 349, "fields": {"order": 277, "product": 3, "transaction_id": null}}, {"model": "api.orderitem", "pk": 350, "fields": {"order": 278, "product": 4, "transaction_id": null}}, {"model": "api.orderitem", "pk": 351, "fields": {"order": 278, "product": 2, "transaction_id": null}}, {"model": "api.orderitem", "pk": 352, "fields": {"order": 278, "product": 1, "transaction_id": null}}, {"model": "api.orderitem", "pk": 353, "fields": {"order": 278, "product": 3, "transaction_id": null}}, {"model": "api.orderitem", "pk": 354, "fields": {"order": 280, "product": 5, "transaction_id": "ch_1EoRmzGawDjcrSqTQwqPlh4v"}}, {"model": "api.address", "pk": 1, "fields": {"profile": 1, "first_name": "VIKAS", "last_name": "sdfgfdgdf", "address": "mohali asdfdsfd", "state": "punjab", "city": "mohali", "zipcode": "123456"}}, {"model": "api.address", "pk": 2, "fields": {"profile": 2, "first_name": "VIKAS", "last_name": "sdfgfdgdf", "address": "mohali asdfdsfd", "state": "punjab", "city": "mohali", "zipcode": "123456"}}, {"model": "api.address", "pk": 3, "fields": {"profile": 3, "first_name": "VIKAS", "last_name": "sdfgfdgdf", "address": "mohali asdfdsfd", "state": "punjab", "city": "mohali", "zipcode": "123456"}}, {"model": "api.address", "pk": 4, "fields": {"profile": 4, "first_name": "VIKAS", "last_name": "sdfgfdgdf", "address": "mohali asdfdsfd", "state": "punjab", "city": "mohali", "zipcode": "123456"}}, {"model": "api.address", "pk": 5, "fields": {"profile": 5, "first_name": "VIKAS", "last_name": "sdfgfdgdf", "address": "mohali asdfdsfd", "state": "punjab", "city": "mohali", "zipcode": "123456"}}, {"model": "api.address", "pk": 6, "fields": {"profile": 6, "first_name": "VIKAS", "last_name": "sdfgfdgdf", "address": "mohali asdfdsfd", "state": "punjab", "city": "mohali", "zipcode": "123456"}}, {"model": "api.address", "pk": 7, "fields": {"profile": 7, "first_name": "VIKAS", "last_name": "sdfgfdgdf", "address": "mohali asdfdsfd", "state": "punjab", "city": "mohali", "zipcode": "123456"}}, {"model": "api.address", "pk": 8, "fields": {"profile": 8, "first_name": "Tanish", "last_name": "Arora", "address": "#52,Phase-1,Vikas Vihar Colony ", "state": "Punjab", "city": "Firozpur City", "zipcode": "152002"}}, {"model": "api.address", "pk": 9, "fields": {"profile": 9, "first_name": "Tanish", "last_name": "Arora", "address": "#52,Phase-1,Vikas Vihar Colony ", "state": "Punjab", "city": "Firozpur City", "zipcode": "152002"}}, {"model": "api.address", "pk": 10, "fields": {"profile": 10, "first_name": "Tanish", "last_name": "Arora", "address": "#52,Phase-1,Vikas Vihar Colony ", "state": "Punjab", "city": "Firozpur City", "zipcode": "152002"}}, {"model": "api.address", "pk": 11, "fields": {"profile": 11, "first_name": "Tanish", "last_name": "Arora", "address": "#52,Phase-1,Vikas Vihar Colony ", "state": "Punjab", "city": "Firozpur City", "zipcode": "152002"}}, {"model": "api.address", "pk": 12, "fields": {"profile": 12, "first_name": "Tanish", "last_name": "Arora", "address": "#52,Phase-1,Vikas Vihar Colony ", "state": "Punjab", "city": "Firozpur City", "zipcode": "152002"}}, {"model": "api.address", "pk": 13, "fields": {"profile": 13, "first_name": "Tanish", "last_name": "Arora", "address": "#52,Phase-1,Vikas Vihar Colony ", "state": "Punjab", "city": "Firozpur City", "zipcode": "152002"}}, {"model": "api.address", "pk": 14, "fields": {"profile": 14, "first_name": "Tanish", "last_name": "Arora", "address": "#52,Phase-1,Vikas Vihar Colony ", "state": "Punjab", "city": "Firozpur City", "zipcode": "152002"}}, {"model": "api.address", "pk": 15, "fields": {"profile": 15, "first_name": "Tanish", "last_name": "Arora", "address": "#52,Phase-1,Vikas Vihar Colony ", "state": "Punjab", "city": "Firozpur City", "zipcode": "152002"}}, {"model": "api.address", "pk": 16, "fields": {"profile": 16, "first_name": "Tanish", "last_name": "Arora", "address": "#52,Phase-1,Vikas Vihar Colony ", "state": "Punjab", "city": "Firozpur City", "zipcode": "152002"}}, {"model": "api.address", "pk": 17, "fields": {"profile": 17, "first_name": "Tanish", "last_name": "Arora", "address": "#52,Phase-1,Vikas Vihar Colony ", "state": "Punjab", "city": "Firozpur City", "zipcode": "152002"}}, {"model": "api.address", "pk": 18, "fields": {"profile": 18, "first_name": "Tanish", "last_name": "Arora", "address": "#52,Phase-1,Vikas Vihar Colony ", "state": "Punjab", "city": "Firozpur City", "zipcode": "152002"}}, {"model": "api.address", "pk": 19, "fields": {"profile": 19, "first_name": "Tanish", "last_name": "Arora", "address": "#52,Phase-1,Vikas Vihar Colony ", "state": "Punjab", "city": "Firozpur City", "zipcode": "152002"}}, {"model": "api.address", "pk": 20, "fields": {"profile": 20, "first_name": "Tanish", "last_name": "Arora", "address": "#52,Phase-1,Vikas Vihar Colony ", "state": "Punjab", "city": "Firozpur City", "zipcode": "152002"}}, {"model": "api.address", "pk": 21, "fields": {"profile": 21, "first_name": "Tanish", "last_name": ".", "address": "#52,Phase-1,Vikas Vihar Colony ", "state": "PUNJAB", "city": "Firozpur City", "zipcode": "152002"}}, {"model": "api.address", "pk": 22, "fields": {"profile": 22, "first_name": "Tanish", "last_name": "Arora", "address": "#52,Phase-1,Vikas Vihar Colony ", "state": "Punjab", "city": "Firozpur City", "zipcode": "152002"}}, {"model": "api.address", "pk": 23, "fields": {"profile": 23, "first_name": "Tanish", "last_name": "Arora", "address": "#52,Phase-1,Vikas Vihar Colony ", "state": "Punjab", "city": "Firozpur City", "zipcode": "152002"}}, {"model": "api.address", "pk": 24, "fields": {"profile": 24, "first_name": "Tanish", "last_name": "Arora", "address": "#52,Phase-1,Vikas Vihar Colony ", "state": "Punjab", "city": "Firozpur City", "zipcode": "152002"}}, {"model": "api.address", "pk": 25, "fields": {"profile": 25, "first_name": "Tanish", "last_name": "Arora", "address": "#52,Phase-1,Vikas Vihar Colony ", "state": "Punjab", "city": "Firozpur City", "zipcode": "152002"}}, {"model": "api.address", "pk": 26, "fields": {"profile": 26, "first_name": "Tanish", "last_name": "Arora", "address": "#52,Phase-1,Vikas Vihar Colony ", "state": "Punjab", "city": "Firozpur City", "zipcode": "152002"}}, {"model": "api.address", "pk": 27, "fields": {"profile": 27, "first_name": "Tanish", "last_name": "Arora", "address": "#52,Phase-1,Vikas Vihar Colony ", "state": "Punjab", "city": "Firozpur City", "zipcode": "152002"}}, {"model": "api.address", "pk": 28, "fields": {"profile": 28, "first_name": "dfgdfg", "last_name": "dfgdfg", "address": "dfgdfgdfg dfgdfgdfg", "state": "fdgfdg", "city": "546", "zipcode": "43534"}}, {"model": "api.address", "pk": 29, "fields": {"profile": 29, "first_name": "dfgdfg", "last_name": "dfgdfg", "address": "dfgdfgdfg dfgdfgdfg", "state": "fdgfdg", "city": "546", "zipcode": "43534"}}, {"model": "api.address", "pk": 30, "fields": {"profile": 30, "first_name": "dsfsdfsdf", "last_name": "sdfsdfs", "address": "sdfsdf sdfsdf", "state": "sdfsdf", "city": "sdfsdf", "zipcode": "234234"}}, {"model": "api.address", "pk": 31, "fields": {"profile": 31, "first_name": "dfsarrqqqqqqqqqqqqqqqqqqqqqqqqqqqqqqqqqqqqqqq", "last_name": "asdasd", "address": "asdasd asdasd", "state": "asdas", "city": "asdas", "zipcode": "3423423"}}, {"model": "api.address", "pk": 32, "fields": {"profile": 32, "first_name": "sdfse", "last_name": "fdgdfgd", "address": "fchbfgh fghgfh", "state": "gfhgfh", "city": "fdhg", "zipcode": "2323"}}, {"model": "api.address", "pk": 33, "fields": {"profile": 33, "first_name": "sdfse", "last_name": "fdgdfgd", "address": "fchbfgh fghgfh", "state": "gfhgfh", "city": "fdhg", "zipcode": "2323"}}, {"model": "api.address", "pk": 34, "fields": {"profile": 34, "first_name": "dsf", "last_name": "fdgdfgd", "address": "fchbfgh fghgfh", "state": "gfhgfh", "city": "fdhg", "zipcode": "2323"}}, {"model": "api.address", "pk": 35, "fields": {"profile": 35, "first_name": "sdfse", "last_name": "fdgdfgd", "address": "fchbfgh fghgfh", "state": "gfhgfh", "city": "fdhg", "zipcode": "2323"}}, {"model": "api.address", "pk": 36, "fields": {"profile": 36, "first_name": "dsf", "last_name": "fdgdfgd", "address": "fchbfgh fghgfh", "state": "gfhgfh", "city": "fdhg", "zipcode": "2323"}}, {"model": "api.address", "pk": 37, "fields": {"profile": 37, "first_name": "sdfse", "last_name": "fdgdfgd", "address": "fchbfgh fghgfh", "state": "gfhgfh", "city": "fdhg", "zipcode": "2323"}}, {"model": "api.address", "pk": 38, "fields": {"profile": 38, "first_name": "asda", "last_name": "asda", "address": "asd asdsa", "state": "asd", "city": "asd", "zipcode": "2323"}}, {"model": "api.address", "pk": 39, "fields": {"profile": 39, "first_name": "sdvgd", "last_name": "fgbhgbh", "address": "ghnghn nhh", "state": "ghnhg", "city": "gnghn", "zipcode": "4545"}}, {"model": "api.address", "pk": 40, "fields": {"profile": 40, "first_name": "Tanish", "last_name": "Arora", "address": "#52,Phase-1,Vikas Vihar Colony ", "state": "Punjab", "city": "Firozpur City", "zipcode": "152002"}}, {"model": "api.address", "pk": 41, "fields": {"profile": 41, "first_name": "Tanish", "last_name": "Arora", "address": "#52,Phase-1,Vikas Vihar Colony ", "state": "Punjab", "city": "Firozpur City", "zipcode": "152002"}}, {"model": "api.address", "pk": 42, "fields": {"profile": 42, "first_name": "Tanish", "last_name": "Arora", "address": "#52,Phase-1,Vikas Vihar Colony ", "state": "Punjab", "city": "Firozpur City", "zipcode": "152002"}}, {"model": "api.address", "pk": 43, "fields": {"profile": 43, "first_name": "dsf", "last_name": "fdgdfgd", "address": "fchbfgh fghgfh", "state": "gfhgfh", "city": "fdhg", "zipcode": "2323"}}, {"model": "api.address", "pk": 44, "fields": {"profile": 44, "first_name": "dsf", "last_name": "fdgdfgd", "address": "fchbfgh fghgfh", "state": "gfhgfh", "city": "fdhg", "zipcode": "2323"}}, {"model": "api.address", "pk": 45, "fields": {"profile": 45, "first_name": "dsf", "last_name": "fdgdfgd", "address": "fchbfgh fghgfh", "state": "gfhgfh", "city": "fdhg", "zipcode": "2323"}}, {"model": "api.address", "pk": 46, "fields": {"profile": 46, "first_name": "dsf", "last_name": "fdgdfgd", "address": "fchbfgh fghgfh", "state": "gfhgfh", "city": "fdhg", "zipcode": "2323"}}, {"model": "api.address", "pk": 47, "fields": {"profile": 47, "first_name": "Tanish", "last_name": "Arora", "address": "#52,Phase-1,Vikas Vihar Colony ", "state": "Punjab", "city": "Firozpur City", "zipcode": "152002"}}, {"model": "api.address", "pk": 48, "fields": {"profile": 48, "first_name": "Tanish", "last_name": "Arora", "address": "#52,Phase-1,Vikas Vihar Colony ", "state": "Punjab", "city": "Firozpur City", "zipcode": "152002"}}, {"model": "api.address", "pk": 49, "fields": {"profile": 49, "first_name": "Tanish", "last_name": "Arora", "address": "#52,Phase-1,Vikas Vihar Colony ", "state": "Punjab", "city": "Firozpur City", "zipcode": "152002"}}, {"model": "api.address", "pk": 50, "fields": {"profile": 50, "first_name": "Tanish", "last_name": "Arora", "address": "#52,Phase-1,Vikas Vihar Colony ", "state": "Punjab", "city": "Firozpur City", "zipcode": "152002"}}, {"model": "api.address", "pk": 51, "fields": {"profile": 51, "first_name": "Tanish", "last_name": "Arora", "address": "#52,Phase-1,Vikas Vihar Colony ", "state": "Punjab", "city": "Firozpur City", "zipcode": "152002"}}, {"model": "api.address", "pk": 52, "fields": {"profile": 52, "first_name": "mukesh", "last_name": "kumar", "address": "adas asd", "state": "asd", "city": "ada", "zipcode": "9401"}}, {"model": "api.address", "pk": 53, "fields": {"profile": 53, "first_name": "Pankaj", "last_name": "kumar", "address": "asd asdsa", "state": "asdasd", "city": "asda", "zipcode": "2234324"}}, {"model": "api.address", "pk": 54, "fields": {"profile": 54, "first_name": "dsf", "last_name": "fdgdfgd", "address": "fchbfgh fghgfh", "state": "gfhgfh", "city": "fdhg", "zipcode": "2323"}}, {"model": "api.address", "pk": 55, "fields": {"profile": 55, "first_name": "sdfse", "last_name": "fdgdfgd", "address": "fchbfgh fghgfh", "state": "gfhgfh", "city": "fdhg", "zipcode": "2323"}}, {"model": "api.address", "pk": 56, "fields": {"profile": 56, "first_name": "dsf", "last_name": "fdgdfgd", "address": "fchbfgh fghgfh", "state": "gfhgfh", "city": "fdhg", "zipcode": "2323"}}, {"model": "api.address", "pk": 57, "fields": {"profile": 57, "first_name": "dsf", "last_name": "fdgdfgd", "address": "fchbfgh fghgfh", "state": "gfhgfh", "city": "fdhg", "zipcode": "2323"}}, {"model": "api.address", "pk": 58, "fields": {"profile": 58, "first_name": "dsf", "last_name": "fdgdfgd", "address": "fchbfgh fghgfh", "state": "gfhgfh", "city": "fdhg", "zipcode": "2323"}}, {"model": "api.address", "pk": 59, "fields": {"profile": 59, "first_name": "Tanish", "last_name": "Arora", "address": "#52,Phase-1,Vikas Vihar Colony ", "state": "Punjab", "city": "Firozpur City", "zipcode": "152002"}}, {"model": "api.address", "pk": 60, "fields": {"profile": 60, "first_name": "pankaj", "last_name": "sharma", "address": "ads asd", "state": "ada", "city": "ad", "zipcode": "asd"}}, {"model": "api.address", "pk": 61, "fields": {"profile": 61, "first_name": "dsf", "last_name": "fdgdfgd", "address": "fchbfgh fghgfh", "state": "gfhgfh", "city": "fdhg", "zipcode": "2323"}}, {"model": "api.address", "pk": 62, "fields": {"profile": 62, "first_name": "dsf", "last_name": "fdgdfgd", "address": "fchbfgh fghgfh", "state": "gfhgfh", "city": "fdhg", "zipcode": "2323"}}, {"model": "api.address", "pk": 63, "fields": {"profile": 63, "first_name": "Tanish", "last_name": "Arora", "address": "#52,Phase-1,Vikas Vihar Colony ", "state": "Punjab", "city": "Firozpur City", "zipcode": "152002"}}, {"model": "api.address", "pk": 64, "fields": {"profile": 64, "first_name": "Tanish", "last_name": "Arora", "address": "#52,Phase-1,Vikas Vihar Colony ", "state": "Punjab", "city": "Firozpur City", "zipcode": "152002"}}, {"model": "api.address", "pk": 65, "fields": {"profile": 65, "first_name": "test", "last_name": "test", "address": "asd asd", "state": "asd", "city": "asda", "zipcode": "22343"}}, {"model": "api.address", "pk": 66, "fields": {"profile": 66, "first_name": "test", "last_name": "test", "address": "test test", "state": "test", "city": "test", "zipcode": "94101"}}, {"model": "api.address", "pk": 67, "fields": {"profile": 67, "first_name": "sasd", "last_name": "adsa", "address": "asd ", "state": "asd", "city": "asda", "zipcode": "22343"}}, {"model": "api.address", "pk": 68, "fields": {"profile": 68, "first_name": "Tanish", "last_name": "Arora", "address": "#52,Phase-1,Vikas Vihar Colony ", "state": "Punjab", "city": "Firozpur City", "zipcode": "152002"}}, {"model": "api.address", "pk": 69, "fields": {"profile": 69, "first_name": "ni", "last_name": "r", "address": "Sardarpara  Street No 3", "state": "GUJARAT", "city": "JUNAGADH", "zipcode": "36200"}}, {"model": "api.address", "pk": 70, "fields": {"profile": 70, "first_name": "test", "last_name": "test", "address": "Sardarpara Street No 3 test", "state": "GUJARAT", "city": "JUNAGADH", "zipcode": "36200"}}, {"model": "api.address", "pk": 71, "fields": {"profile": 71, "first_name": "test", "last_name": "test", "address": "test test", "state": "test", "city": "test", "zipcode": "12345"}}, {"model": "api.address", "pk": 72, "fields": {"profile": 72, "first_name": "test", "last_name": "test", "address": "test test", "state": "test", "city": "test", "zipcode": "12345"}}, {"model": "api.address", "pk": 73, "fields": {"profile": 73, "first_name": "test", "last_name": "test", "address": "test test", "state": "test", "city": "test", "zipcode": "12345"}}, {"model": "api.address", "pk": 74, "fields": {"profile": 74, "first_name": "test", "last_name": "test", "address": "test test", "state": "test", "city": "test", "zipcode": "12345"}}, {"model": "api.address", "pk": 75, "fields": {"profile": 75, "first_name": "test", "last_name": "test", "address": "test test", "state": "test", "city": "test", "zipcode": "12345"}}, {"model": "api.address", "pk": 76, "fields": {"profile": 76, "first_name": "Tanish", "last_name": "Arora", "address": "#52,Phase-1,Vikas Vihar Colony ", "state": "Punjab", "city": "Firozpur City", "zipcode": "152002"}}, {"model": "api.address", "pk": 77, "fields": {"profile": 77, "first_name": "Tanish", "last_name": "Arora", "address": "#52,Phase-1,Vikas Vihar Colony ", "state": "Punjab", "city": "Firozpur City", "zipcode": "152002"}}, {"model": "api.address", "pk": 78, "fields": {"profile": 78, "first_name": "Tanish", "last_name": "Arora", "address": "#52,Phase-1,Vikas Vihar Colony ", "state": "Punjab", "city": "Firozpur City", "zipcode": "152002"}}, {"model": "api.address", "pk": 79, "fields": {"profile": 79, "first_name": "aasdsa", "last_name": "adad", "address": "adasd adssa", "state": "asda", "city": "asda", "zipcode": "94101"}}, {"model": "api.address", "pk": 80, "fields": {"profile": 80, "first_name": "test", "last_name": "test", "address": "test test", "state": "test", "city": "test", "zipcode": "12345"}}, {"model": "api.address", "pk": 81, "fields": {"profile": 81, "first_name": "test", "last_name": "test", "address": "test test", "state": "test", "city": "test", "zipcode": "12345"}}, {"model": "api.address", "pk": 82, "fields": {"profile": 82, "first_name": "test", "last_name": "test", "address": "test test", "state": "test", "city": "test", "zipcode": "12345"}}, {"model": "api.address", "pk": 83, "fields": {"profile": 83, "first_name": "test", "last_name": "test", "address": "test test", "state": "test", "city": "test", "zipcode": "12345"}}, {"model": "api.address", "pk": 84, "fields": {"profile": 84, "first_name": "Tanish", "last_name": "Arora", "address": "#52,Phase-1,Vikas Vihar Colony ", "state": "Punjab", "city": "Firozpur City", "zipcode": "152002"}}, {"model": "api.address", "pk": 85, "fields": {"profile": 85, "first_name": "Tanish", "last_name": "Arora", "address": "#52,Phase-1,Vikas Vihar Colony ", "state": "Punjab", "city": "Firozpur City", "zipcode": "152002"}}, {"model": "api.address", "pk": 86, "fields": {"profile": 86, "first_name": "Tanish", "last_name": "Arora", "address": "#52,Phase-1,Vikas Vihar Colony ", "state": "Punjab", "city": "Firozpur City", "zipcode": "152002"}}, {"model": "api.address", "pk": 87, "fields": {"profile": 87, "first_name": "Tanish", "last_name": "Arora", "address": "#52,Phase-1,Vikas Vihar Colony ", "state": "Punjab", "city": "Firozpur City", "zipcode": "152002"}}, {"model": "api.address", "pk": 88, "fields": {"profile": 88, "first_name": "test", "last_name": "test", "address": "test test", "state": "test", "city": "test", "zipcode": "12345"}}, {"model": "api.address", "pk": 89, "fields": {"profile": 89, "first_name": "asd", "last_name": "aasd", "address": "adasd asda", "state": "asda", "city": "sdasda", "zipcode": "42424"}}, {"model": "api.address", "pk": 90, "fields": {"profile": 90, "first_name": "test", "last_name": "test", "address": "test test", "state": "test", "city": "test", "zipcode": "12345"}}, {"model": "api.address", "pk": 91, "fields": {"profile": 91, "first_name": "test", "last_name": "test", "address": "test test", "state": "test", "city": "test", "zipcode": "12345"}}, {"model": "api.address", "pk": 92, "fields": {"profile": 92, "first_name": "test", "last_name": "test", "address": "test test", "state": "test", "city": "test", "zipcode": "12345"}}, {"model": "api.address", "pk": 93, "fields": {"profile": 93, "first_name": "Tanish", "last_name": "Arora", "address": "#52,Phase-1,Vikas Vihar Colony ", "state": "Punjab", "city": "Firozpur City", "zipcode": "15200"}}, {"model": "api.address", "pk": 94, "fields": {"profile": 94, "first_name": "Tanish", "last_name": "Arora", "address": "#52,Phase-1,Vikas Vihar Colony ", "state": "Arizona", "city": "Firozpur City", "zipcode": "15200"}}, {"model": "api.address", "pk": 95, "fields": {"profile": 95, "first_name": "Tanish", "last_name": "Arora", "address": "#52,Phase-1,Vikas Vihar Colony ", "state": "Alabama", "city": "Firozpur City", "zipcode": "15200"}}, {"model": "api.address", "pk": 96, "fields": {"profile": 96, "first_name": "test", "last_name": "test", "address": "test test", "state": "test", "city": "test", "zipcode": "12345"}}, {"model": "api.address", "pk": 97, "fields": {"profile": 97, "first_name": "Tanish", "last_name": "Arora", "address": "#52,Phase-1,Vikas Vihar Colony ", "state": "Alabama", "city": "Firozpur City", "zipcode": "15200"}}, {"model": "api.address", "pk": 98, "fields": {"profile": 98, "first_name": "test", "last_name": "test", "address": "test test", "state": "test", "city": "test", "zipcode": "12345"}}, {"model": "api.address", "pk": 99, "fields": {"profile": 99, "first_name": "test", "last_name": "test", "address": "Sardarpara Street No 3 test", "state": "Alabama", "city": "JUNAGADH", "zipcode": "36200"}}, {"model": "api.address", "pk": 100, "fields": {"profile": 100, "first_name": "pankaj", "last_name": "sharma", "address": "asda asdas", "state": "Maryland", "city": "asdsa", "zipcode": "12222"}}, {"model": "api.address", "pk": 101, "fields": {"profile": 101, "first_name": "Bob", "last_name": "Marley", "address": "1359 Broadway Suite 1130", "state": "New York", "city": "New York", "zipcode": "10018"}}, {"model": "api.address", "pk": 102, "fields": {"profile": 102, "first_name": "test", "last_name": "test", "address": "37947 Essanay Place test", "state": "California", "city": "Fremont", "zipcode": "94536"}}, {"model": "api.address", "pk": 103, "fields": {"profile": 103, "first_name": "asda", "last_name": "ad", "address": "asd ad", "state": "Alabama", "city": "asd", "zipcode": "12121"}}, {"model": "api.address", "pk": 104, "fields": {"profile": 104, "first_name": "test", "last_name": "test", "address": "test test", "state": "Alabama", "city": "test", "zipcode": "12345"}}, {"model": "api.address", "pk": 105, "fields": {"profile": 105, "first_name": "Tanish", "last_name": "Arora", "address": "#52,Phase-1,Vikas Vihar Colony ", "state": "Alabama", "city": "Firozpur City", "zipcode": "15200"}}, {"model": "api.address", "pk": 106, "fields": {"profile": 106, "first_name": "Tanish", "last_name": "Arora", "address": "#52,Phase-1,Vikas Vihar Colony ", "state": "Alabama", "city": "Firozpur City", "zipcode": "15200"}}, {"model": "api.address", "pk": 107, "fields": {"profile": 107, "first_name": "Tanish", "last_name": "Arora", "address": "#52,Phase-1,Vikas Vihar Colony ", "state": "Alabama", "city": "Firozpur City", "zipcode": "15200"}}, {"model": "api.address", "pk": 108, "fields": {"profile": 108, "first_name": "asd", "last_name": "asd", "address": "asd asd", "state": "Louisiana", "city": "asda", "zipcode": "22343"}}, {"model": "api.address", "pk": 109, "fields": {"profile": 109, "first_name": "ads", "last_name": "asda", "address": "ada ad", "state": "Alabama", "city": "asd", "zipcode": "21212"}}, {"model": "api.address", "pk": 110, "fields": {"profile": 110, "first_name": "Tanish", "last_name": "Arora", "address": "#52,Phase-1,Vikas Vihar Colony sdfdsf", "state": "Arizona", "city": "Firozpur City", "zipcode": "15200"}}, {"model": "api.address", "pk": 111, "fields": {"profile": 111, "first_name": "Harinder", "last_name": "Singh", "address": "Village Thales Distt And Post Office Sangrur ", "state": "Alabama", "city": "Sangrur", "zipcode": "14800"}}, {"model": "api.address", "pk": 112, "fields": {"profile": 112, "first_name": "Tanish", "last_name": "Arora", "address": "#52,Phase-1,Vikas Vihar Colony ", "state": "Arizona", "city": "Firozpur City", "zipcode": "15200"}}, {"model": "api.address", "pk": 113, "fields": {"profile": 113, "first_name": "asd", "last_name": "asd", "address": "asd asd", "state": "Louisiana", "city": "asda", "zipcode": "22343"}}, {"model": "api.address", "pk": 114, "fields": {"profile": 114, "first_name": "asd", "last_name": "asd", "address": "asd asd", "state": "Louisiana", "city": "asda", "zipcode": "22343"}}, {"model": "api.address", "pk": 115, "fields": {"profile": 115, "first_name": "asd", "last_name": "ad", "address": "ad ads", "state": "Alabama", "city": "adad", "zipcode": "12121"}}, {"model": "api.address", "pk": 116, "fields": {"profile": 116, "first_name": "Tanish", "last_name": "Arora", "address": "#52,Phase-1,Vikas Vihar Colony ", "state": "Alabama", "city": "Firozpur City", "zipcode": "15200"}}, {"model": "api.address", "pk": 117, "fields": {"profile": 117, "first_name": "Tanish", "last_name": "Arora", "address": "#52,Phase-1,Vikas Vihar Colony ", "state": "Alabama", "city": "Firozpur City", "zipcode": "15200"}}, {"model": "api.address", "pk": 118, "fields": {"profile": 118, "first_name": "asd", "last_name": "asd", "address": "asd asd", "state": "Louisiana", "city": "asda", "zipcode": "22343"}}, {"model": "api.address", "pk": 119, "fields": {"profile": 119, "first_name": "asd", "last_name": "asd", "address": "asd asd", "state": "Louisiana", "city": "asda", "zipcode": "22343"}}, {"model": "api.address", "pk": 120, "fields": {"profile": 120, "first_name": "asd", "last_name": "asd", "address": "asd asd", "state": "Louisiana", "city": "asda", "zipcode": "22343"}}, {"model": "api.address", "pk": 121, "fields": {"profile": 121, "first_name": "asd", "last_name": "asd", "address": "asd asd", "state": "Louisiana", "city": "asda", "zipcode": "22343"}}, {"model": "api.address", "pk": 122, "fields": {"profile": 122, "first_name": "asd", "last_name": "asd", "address": "asd asd", "state": "Louisiana", "city": "asda", "zipcode": "22343"}}, {"model": "api.address", "pk": 123, "fields": {"profile": 123, "first_name": "asd", "last_name": "asd", "address": "asd asd", "state": "Louisiana", "city": "asda", "zipcode": "22343"}}, {"model": "api.address", "pk": 124, "fields": {"profile": 124, "first_name": "asd", "last_name": "asd", "address": "asd asd", "state": "Louisiana", "city": "asda", "zipcode": "22343"}}, {"model": "api.address", "pk": 125, "fields": {"profile": 125, "first_name": "asd", "last_name": "asd", "address": "asd asd", "state": "Louisiana", "city": "asda", "zipcode": "22343"}}, {"model": "api.address", "pk": 126, "fields": {"profile": 126, "first_name": "asd", "last_name": "asd", "address": "asd asd", "state": "Louisiana", "city": "asda", "zipcode": "22343"}}, {"model": "api.address", "pk": 127, "fields": {"profile": 127, "first_name": "asd", "last_name": "asd", "address": "asd asd", "state": "Louisiana", "city": "asda", "zipcode": "22343"}}, {"model": "api.address", "pk": 128, "fields": {"profile": 128, "first_name": "Pankaj", "last_name": "kumar", "address": "sunny enclave house 6163", "state": "Alabama", "city": "kharar", "zipcode": "12344"}}, {"model": "api.address", "pk": 129, "fields": {"profile": 129, "first_name": "asd", "last_name": "asd", "address": "asd asd", "state": "Louisiana", "city": "asda", "zipcode": "22343"}}, {"model": "api.address", "pk": 130, "fields": {"profile": 130, "first_name": "Tanish", "last_name": "Arora", "address": "#52,Phase-1,Vikas Vihar Colony ", "state": "Alabama", "city": "Firozpur City", "zipcode": "15200"}}, {"model": "api.address", "pk": 131, "fields": {"profile": 131, "first_name": "asd", "last_name": "asd", "address": "asd asd", "state": "Louisiana", "city": "asda", "zipcode": "22343"}}, {"model": "api.address", "pk": 132, "fields": {"profile": 132, "first_name": "asd", "last_name": "asd", "address": "asd asd", "state": "Louisiana", "city": "asda", "zipcode": "22343"}}, {"model": "api.metacontent", "pk": 2, "fields": {"page": "cat", "category": 1, "title": "Windshield, wheels, and dent repair coverage for leased vehicles | Rodo Insurance", "h1": "3-in-1 windshield, wheels and dent repair vehicle protection", "meta_descripton": "A 3-in-1 policy combines coverage from windshield, wheels, and dent\r\nrepair policies."}}, {"model": "api.metacontent", "pk": 3, "fields": {"page": "cat", "category": 2, "title": "Car key replacement coverage for leased vehicles | Rodo Insurance", "h1": "R.o.a.d program key replacement", "meta_descripton": "A key replacement can replace a lost, stolen, or damaged vehicle key."}}, {"model": "api.metacontent", "pk": 4, "fields": {"page": "cat", "category": 3, "title": "Excess wear and tear coverage for leased vehicles | Rodo Insurance", "h1": "Excess wear and tear", "meta_descripton": "An excess wear and tear policy will cover a variety of minor damage to\r\npaint, glass, and upholstery"}}, {"model": "api.metacontent", "pk": 5, "fields": {"page": "cat", "category": 4, "title": "Tire and wheel coverage for leased vehicles | Rodo Insurance", "h1": "Tire and wheel coverage", "meta_descripton": "A tire and wheel policy will cover you in case of a flat tire or dented wheel."}}, {"model": "api.metacontent", "pk": 6, "fields": {"page": "home", "category": null, "title": "Enhanced coverage for leased vehicles | Rodo Insurance", "h1": "Extended protection for leased vehicles", "meta_descripton": "Rodo Insurance offers plans to cover unexpected expenses on leased cars\r\nfor up to 30 days after you take delivery."}}, {"model": "api.metacontent", "pk": 7, "fields": {"page": "checkout", "category": null, "title": "Checkout | Rodo Insurance", "h1": "Checkout", "meta_descripton": "t"}}, {"model": "api.leaseterm", "pk": 1, "fields": {"name": "24 months", "content": "24 months"}}, {"model": "api.leaseterm", "pk": 2, "fields": {"name": "27 months", "content": "27"}}, {"model": "api.leaseterm", "pk": 3, "fields": {"name": "36 months", "content": "36 months"}}, {"model": "api.leaseterm", "pk": 4, "fields": {"name": "39 months", "content": "39 months"}}, {"model": "api.leaseterm", "pk": 5, "fields": {"name": "48 months", "content": "48 months"}}, {"model": "api.vehicleinformation", "pk": 1, "fields": {"order": 13, "leaseterm": 1, "vehilcle_id": "1FIGI3F1411XM11109186", "date": "1904-07-28", "miles_per_year": "24000", "monthly_payment": 2500.0, "lender": "ACME Lender LLC ", "dealer_stock_number": "A8C1234567", "file": "Vechile-Documents/Screenshot_from_2019-05-28_18-53-43.png"}}, {"model": "api.vehicleinformation", "pk": 2, "fields": {"order": 13, "leaseterm": 1, "vehilcle_id": "1FIGI3F1411XM11109186", "date": "2012-02-10", "miles_per_year": "24000", "monthly_payment": 2500.0, "lender": "ACME Lender LLC ", "dealer_stock_number": "A8C1234567", "file": "Vechile-Documents/Screenshot_from_2019-05-28_18-53-43_L7MBMmr.png"}}, {"model": "api.vehicleinformation", "pk": 3, "fields": {"order": 13, "leaseterm": 1, "vehilcle_id": "1FIGI3F1411XM11109186", "date": "2012-02-10", "miles_per_year": "24000", "monthly_payment": 2500.0, "lender": "ACME Lender LLC ", "dealer_stock_number": "A8C1234567", "file": "Vechile-Documents/Screenshot_from_2019-05-28_18-53-43_stqEWr0.png"}}, {"model": "api.vehicleinformation", "pk": 4, "fields": {"order": 13, "leaseterm": 1, "vehilcle_id": "1FIGI3F1411XM11109186", "date": "2012-02-10", "miles_per_year": "24000", "monthly_payment": 2500.0, "lender": "ACME Lender LLC ", "dealer_stock_number": "A8C1234567", "file": "Vechile-Documents/Screenshot_from_2019-05-28_18-53-43_leWXpzS.png"}}, {"model": "api.vehicleinformation", "pk": 5, "fields": {"order": 13, "leaseterm": 1, "vehilcle_id": "1FIGI3F1411XM11109186", "date": "2012-02-10", "miles_per_year": "24000", "monthly_payment": 2500.0, "lender": "ACME Lender LLC ", "dealer_stock_number": "A8C1234567", "file": "Vechile-Documents/Screenshot_from_2019-05-28_18-53-43_UgfEVoq.png"}}, {"model": "api.vehicleinformation", "pk": 6, "fields": {"order": 26, "leaseterm": 1, "vehilcle_id": "6576576", "date": "2019-06-11", "miles_per_year": "65", "monthly_payment": 768676.0, "lender": "Tanish", "dealer_stock_number": "76878", "file": "Vechile-Documents/abc.html"}}, {"model": "api.vehicleinformation", "pk": 7, "fields": {"order": 27, "leaseterm": 2, "vehilcle_id": "poiuopiopi", "date": "2019-06-12", "miles_per_year": "2131", "monthly_payment": 213423.0, "lender": "kjhik", "dealer_stock_number": "kljopop", "file": "Vechile-Documents/Desert.jpg"}}, {"model": "api.vehicleinformation", "pk": 8, "fields": {"order": 28, "leaseterm": 2, "vehilcle_id": "dfujhfgjjk", "date": "2019-06-11", "miles_per_year": "123123123", "monthly_payment": 123123.0, "lender": "ghjhgjghj", "dealer_stock_number": "ghjghjghj", "file": "Vechile-Documents/Tulips.jpg"}}, {"model": "api.vehicleinformation", "pk": 9, "fields": {"order": 29, "leaseterm": 2, "vehilcle_id": "sdfsdfsdfsdfsdf", "date": "2019-06-11", "miles_per_year": "3424", "monthly_payment": 3324234234234.0, "lender": "sfsdfsdfsdfsdfsdf", "dealer_stock_number": "d34534534453", "file": "Vechile-Documents/Tulips_8lQVk1q.jpg"}}, {"model": "api.vehicleinformation", "pk": 10, "fields": {"order": 36, "leaseterm": 2, "vehilcle_id": "dw", "date": "2019-06-11", "miles_per_year": "ghjghj", "monthly_payment": 1235.0, "lender": "dsgdrg", "dealer_stock_number": "fghfgj", "file": "Vechile-Documents/Desert_u6xyjUQ.jpg"}}, {"model": "api.vehicleinformation", "pk": 11, "fields": {"order": 77, "leaseterm": 2, "vehilcle_id": "fgdggd", "date": "2019-06-13", "miles_per_year": "42", "monthly_payment": 45354.0, "lender": "kljhlji", "dealer_stock_number": "ijloiloiuol", "file": "Vechile-Documents/Chrysanthemum.jpg"}}, {"model": "api.vehicleinformation", "pk": 12, "fields": {"order": 90, "leaseterm": 2, "vehilcle_id": "dfdfdf", "date": "2019-06-13", "miles_per_year": "23", "monthly_payment": 2321.0, "lender": "erer23232", "dealer_stock_number": "24243", "file": "Vechile-Documents/abc_3bBOQdA.html"}}, {"model": "api.vehicleinformation", "pk": 13, "fields": {"order": 95, "leaseterm": 2, "vehilcle_id": "224", "date": "2019-06-13", "miles_per_year": "34", "monthly_payment": 79867.0, "lender": "23", "dealer_stock_number": "12323", "file": "Vechile-Documents/abc_559o7zP.html"}}, {"model": "api.vehicleinformation", "pk": 14, "fields": {"order": 122, "leaseterm": 2, "vehilcle_id": "232323232323232323232323232323", "date": "2019-03-23", "miles_per_year": "23232323232323232asdasd", "monthly_payment": 456456.0, "lender": "asddddddddddddddddddddddddddddddd342323232", "dealer_stock_number": "5646", "file": "Vechile-Documents/2786fed9-c360-4cab-b1b6-2e5e15067af5.jpg"}}, {"model": "api.vehicleinformation", "pk": 15, "fields": {"order": 128, "leaseterm": 2, "vehilcle_id": "fggfh", "date": "2019-06-15", "miles_per_year": "fdfgf", "monthly_payment": 6454.0, "lender": "hhgmj", "dealer_stock_number": "hgjhg", "file": "Vechile-Documents/Tulips_2WIMged.jpg"}}, {"model": "api.vehicleinformation", "pk": 16, "fields": {"order": 131, "leaseterm": 3, "vehilcle_id": "TANISH5656TANISH1", "date": "2019-06-15", "miles_per_year": "12", "monthly_payment": 12.0, "lender": "Tanish", "dealer_stock_number": "TAISHISSJ", "file": "Vechile-Documents/abc_bSUMb71.html"}}, {"model": "api.vehicleinformation", "pk": 17, "fields": {"order": 186, "leaseterm": 2, "vehilcle_id": "12345678912345678", "date": "2019-06-21", "miles_per_year": "12", "monthly_payment": 1222.0, "lender": "test", "dealer_stock_number": "1234", "file": "Vechile-Documents/business_card2.pdf"}}, {"model": "api.vehicleinformation", "pk": 18, "fields": {"order": 187, "leaseterm": 1, "vehilcle_id": "12345678912345678", "date": "2019-06-21", "miles_per_year": "12", "monthly_payment": 12.0, "lender": "12", "dealer_stock_number": "12", "file": "Vechile-Documents/business_card2_BwdU9Z4.pdf"}}, {"model": "api.vehicleinformation", "pk": 19, "fields": {"order": 188, "leaseterm": 2, "vehilcle_id": "12345678998745612", "date": "2019-06-21", "miles_per_year": "12", "monthly_payment": 12.0, "lender": "12", "dealer_stock_number": "12", "file": "Vechile-Documents/business_card2_uuUJwdY.pdf"}}, {"model": "api.vehicleinformation", "pk": 20, "fields": {"order": 192, "leaseterm": 1, "vehilcle_id": "12345678912345678", "date": "2019-06-21", "miles_per_year": "12", "monthly_payment": 12.0, "lender": "12", "dealer_stock_number": "12", "file": "Vechile-Documents/business_card2_fmlblHJ.pdf"}}, {"model": "api.vehicleinformation", "pk": 21, "fields": {"order": 193, "leaseterm": 2, "vehilcle_id": "12345678912345678", "date": "2019-06-21", "miles_per_year": "12", "monthly_payment": 12.0, "lender": "12", "dealer_stock_number": "12", "file": "Vechile-Documents/business_card2_fxvPnJi.pdf"}}, {"model": "api.vehicleinformation", "pk": 22, "fields": {"order": 195, "leaseterm": 2, "vehilcle_id": "12345678978945612", "date": "2019-06-21", "miles_per_year": "12", "monthly_payment": 12.0, "lender": "12", "dealer_stock_number": "12", "file": "Vechile-Documents/business_card2_yeLbyZp.pdf"}}, {"model": "api.vehicleinformation", "pk": 23, "fields": {"order": 201, "leaseterm": 2, "vehilcle_id": "12345678912345678", "date": "2019-06-21", "miles_per_year": "122", "monthly_payment": 1122.0, "lender": "12", "dealer_stock_number": "2", "file": "Vechile-Documents/business_card2_vc1JVfR.pdf"}}, {"model": "api.vehicleinformation", "pk": 24, "fields": {"order": 208, "leaseterm": 3, "vehilcle_id": "12345678123456789", "date": "2019-06-21", "miles_per_year": "12", "monthly_payment": 12.0, "lender": "12", "dealer_stock_number": "12", "file": "Vechile-Documents/business_card2_2a6e6n8.pdf"}}, {"model": "api.vehicleinformation", "pk": 25, "fields": {"order": 275, "leaseterm": 4, "vehilcle_id": "12121212121212121", "date": "2019-06-23", "miles_per_year": "12", "monthly_payment": 1232.0, "lender": "sds", "dealer_stock_number": "23232", "file": "Vechile-Documents/1.jpg"}}, {"model": "api.vehicleinformation", "pk": 26, "fields": {"order": 13, "leaseterm": 1, "vehilcle_id": "1FIGI3F1411XM11109186", "date": "2012-02-10", "miles_per_year": "24000", "monthly_payment": 2500.0, "lender": "ACME Lender LLC ", "dealer_stock_number": "A8C1234567", "file": "Vechile-Documents/Screenshot_from_2019-05-28_18-53-43_UFDFWN0.png"}}, {"model": "auth.permission", "pk": 1, "fields": {"name": "Can add log entry", "content_type": 1, "codename": "add_logentry"}}, {"model": "auth.permission", "pk": 2, "fields": {"name": "Can change log entry", "content_type": 1, "codename": "change_logentry"}}, {"model": "auth.permission", "pk": 3, "fields": {"name": "Can delete log entry", "content_type": 1, "codename": "delete_logentry"}}, {"model": "auth.permission", "pk": 4, "fields": {"name": "Can view log entry", "content_type": 1, "codename": "view_logentry"}}, {"model": "auth.permission", "pk": 5, "fields": {"name": "Can add permission", "content_type": 2, "codename": "add_permission"}}, {"model": "auth.permission", "pk": 6, "fields": {"name": "Can change permission", "content_type": 2, "codename": "change_permission"}}, {"model": "auth.permission", "pk": 7, "fields": {"name": "Can delete permission", "content_type": 2, "codename": "delete_permission"}}, {"model": "auth.permission", "pk": 8, "fields": {"name": "Can view permission", "content_type": 2, "codename": "view_permission"}}, {"model": "auth.permission", "pk": 9, "fields": {"name": "Can add group", "content_type": 3, "codename": "add_group"}}, {"model": "auth.permission", "pk": 10, "fields": {"name": "Can change group", "content_type": 3, "codename": "change_group"}}, {"model": "auth.permission", "pk": 11, "fields": {"name": "Can delete group", "content_type": 3, "codename": "delete_group"}}, {"model": "auth.permission", "pk": 12, "fields": {"name": "Can view group", "content_type": 3, "codename": "view_group"}}, {"model": "auth.permission", "pk": 13, "fields": {"name": "Can add user", "content_type": 4, "codename": "add_user"}}, {"model": "auth.permission", "pk": 14, "fields": {"name": "Can change user", "content_type": 4, "codename": "change_user"}}, {"model": "auth.permission", "pk": 15, "fields": {"name": "Can delete user", "content_type": 4, "codename": "delete_user"}}, {"model": "auth.permission", "pk": 16, "fields": {"name": "Can view user", "content_type": 4, "codename": "view_user"}}, {"model": "auth.permission", "pk": 17, "fields": {"name": "Can add content type", "content_type": 5, "codename": "add_contenttype"}}, {"model": "auth.permission", "pk": 18, "fields": {"name": "Can change content type", "content_type": 5, "codename": "change_contenttype"}}, {"model": "auth.permission", "pk": 19, "fields": {"name": "Can delete content type", "content_type": 5, "codename": "delete_contenttype"}}, {"model": "auth.permission", "pk": 20, "fields": {"name": "Can view content type", "content_type": 5, "codename": "view_contenttype"}}, {"model": "auth.permission", "pk": 21, "fields": {"name": "Can add session", "content_type": 6, "codename": "add_session"}}, {"model": "auth.permission", "pk": 22, "fields": {"name": "Can change session", "content_type": 6, "codename": "change_session"}}, {"model": "auth.permission", "pk": 23, "fields": {"name": "Can delete session", "content_type": 6, "codename": "delete_session"}}, {"model": "auth.permission", "pk": 24, "fields": {"name": "Can view session", "content_type": 6, "codename": "view_session"}}, {"model": "auth.permission", "pk": 25, "fields": {"name": "Can add address", "content_type": 7, "codename": "add_address"}}, {"model": "auth.permission", "pk": 26, "fields": {"name": "Can change address", "content_type": 7, "codename": "change_address"}}, {"model": "auth.permission", "pk": 27, "fields": {"name": "Can delete address", "content_type": 7, "codename": "delete_address"}}, {"model": "auth.permission", "pk": 28, "fields": {"name": "Can view address", "content_type": 7, "codename": "view_address"}}, {"model": "auth.permission", "pk": 29, "fields": {"name": "Can add card detail", "content_type": 8, "codename": "add_carddetail"}}, {"model": "auth.permission", "pk": 30, "fields": {"name": "Can change card detail", "content_type": 8, "codename": "change_carddetail"}}, {"model": "auth.permission", "pk": 31, "fields": {"name": "Can delete card detail", "content_type": 8, "codename": "delete_carddetail"}}, {"model": "auth.permission", "pk": 32, "fields": {"name": "Can view card detail", "content_type": 8, "codename": "view_carddetail"}}, {"model": "auth.permission", "pk": 33, "fields": {"name": "Can add category", "content_type": 9, "codename": "add_category"}}, {"model": "auth.permission", "pk": 34, "fields": {"name": "Can change category", "content_type": 9, "codename": "change_category"}}, {"model": "auth.permission", "pk": 35, "fields": {"name": "Can delete category", "content_type": 9, "codename": "delete_category"}}, {"model": "auth.permission", "pk": 36, "fields": {"name": "Can view category", "content_type": 9, "codename": "view_category"}}, {"model": "auth.permission", "pk": 37, "fields": {"name": "Can add coupon", "content_type": 10, "codename": "add_coupon"}}, {"model": "auth.permission", "pk": 38, "fields": {"name": "Can change coupon", "content_type": 10, "codename": "change_coupon"}}, {"model": "auth.permission", "pk": 39, "fields": {"name": "Can delete coupon", "content_type": 10, "codename": "delete_coupon"}}, {"model": "auth.permission", "pk": 40, "fields": {"name": "Can view coupon", "content_type": 10, "codename": "view_coupon"}}, {"model": "auth.permission", "pk": 41, "fields": {"name": "Can add lease term", "content_type": 11, "codename": "add_leaseterm"}}, {"model": "auth.permission", "pk": 42, "fields": {"name": "Can change lease term", "content_type": 11, "codename": "change_leaseterm"}}, {"model": "auth.permission", "pk": 43, "fields": {"name": "Can delete lease term", "content_type": 11, "codename": "delete_leaseterm"}}, {"model": "auth.permission", "pk": 44, "fields": {"name": "Can view lease term", "content_type": 11, "codename": "view_leaseterm"}}, {"model": "auth.permission", "pk": 45, "fields": {"name": "Can add make", "content_type": 12, "codename": "add_make"}}, {"model": "auth.permission", "pk": 46, "fields": {"name": "Can change make", "content_type": 12, "codename": "change_make"}}, {"model": "auth.permission", "pk": 47, "fields": {"name": "Can delete make", "content_type": 12, "codename": "delete_make"}}, {"model": "auth.permission", "pk": 48, "fields": {"name": "Can view make", "content_type": 12, "codename": "view_make"}}, {"model": "auth.permission", "pk": 49, "fields": {"name": "Can add meta content", "content_type": 13, "codename": "add_metacontent"}}, {"model": "auth.permission", "pk": 50, "fields": {"name": "Can change meta content", "content_type": 13, "codename": "change_metacontent"}}, {"model": "auth.permission", "pk": 51, "fields": {"name": "Can delete meta content", "content_type": 13, "codename": "delete_metacontent"}}, {"model": "auth.permission", "pk": 52, "fields": {"name": "Can view meta content", "content_type": 13, "codename": "view_metacontent"}}, {"model": "auth.permission", "pk": 53, "fields": {"name": "Can add model", "content_type": 14, "codename": "add_model"}}, {"model": "auth.permission", "pk": 54, "fields": {"name": "Can change model", "content_type": 14, "codename": "change_model"}}, {"model": "auth.permission", "pk": 55, "fields": {"name": "Can delete model", "content_type": 14, "codename": "delete_model"}}, {"model": "auth.permission", "pk": 56, "fields": {"name": "Can view model", "content_type": 14, "codename": "view_model"}}, {"model": "auth.permission", "pk": 57, "fields": {"name": "Can add order", "content_type": 15, "codename": "add_order"}}, {"model": "auth.permission", "pk": 58, "fields": {"name": "Can change order", "content_type": 15, "codename": "change_order"}}, {"model": "auth.permission", "pk": 59, "fields": {"name": "Can delete order", "content_type": 15, "codename": "delete_order"}}, {"model": "auth.permission", "pk": 60, "fields": {"name": "Can view order", "content_type": 15, "codename": "view_order"}}, {"model": "auth.permission", "pk": 61, "fields": {"name": "Can add order item", "content_type": 16, "codename": "add_orderitem"}}, {"model": "auth.permission", "pk": 62, "fields": {"name": "Can change order item", "content_type": 16, "codename": "change_orderitem"}}, {"model": "auth.permission", "pk": 63, "fields": {"name": "Can delete order item", "content_type": 16, "codename": "delete_orderitem"}}, {"model": "auth.permission", "pk": 64, "fields": {"name": "Can view order item", "content_type": 16, "codename": "view_orderitem"}}, {"model": "auth.permission", "pk": 65, "fields": {"name": "Can add product detail", "content_type": 17, "codename": "add_productdetail"}}, {"model": "auth.permission", "pk": 66, "fields": {"name": "Can change product detail", "content_type": 17, "codename": "change_productdetail"}}, {"model": "auth.permission", "pk": 67, "fields": {"name": "Can delete product detail", "content_type": 17, "codename": "delete_productdetail"}}, {"model": "auth.permission", "pk": 68, "fields": {"name": "Can view product detail", "content_type": 17, "codename": "view_productdetail"}}, {"model": "auth.permission", "pk": 69, "fields": {"name": "Can add profile", "content_type": 18, "codename": "add_profile"}}, {"model": "auth.permission", "pk": 70, "fields": {"name": "Can change profile", "content_type": 18, "codename": "change_profile"}}, {"model": "auth.permission", "pk": 71, "fields": {"name": "Can delete profile", "content_type": 18, "codename": "delete_profile"}}, {"model": "auth.permission", "pk": 72, "fields": {"name": "Can view profile", "content_type": 18, "codename": "view_profile"}}, {"model": "auth.permission", "pk": 73, "fields": {"name": "Can add trim", "content_type": 19, "codename": "add_trim"}}, {"model": "auth.permission", "pk": 74, "fields": {"name": "Can change trim", "content_type": 19, "codename": "change_trim"}}, {"model": "auth.permission", "pk": 75, "fields": {"name": "Can delete trim", "content_type": 19, "codename": "delete_trim"}}, {"model": "auth.permission", "pk": 76, "fields": {"name": "Can view trim", "content_type": 19, "codename": "view_trim"}}, {"model": "auth.permission", "pk": 77, "fields": {"name": "Can add vehicle information", "content_type": 20, "codename": "add_vehicleinformation"}}, {"model": "auth.permission", "pk": 78, "fields": {"name": "Can change vehicle information", "content_type": 20, "codename": "change_vehicleinformation"}}, {"model": "auth.permission", "pk": 79, "fields": {"name": "Can delete vehicle information", "content_type": 20, "codename": "delete_vehicleinformation"}}, {"model": "auth.permission", "pk": 80, "fields": {"name": "Can view vehicle information", "content_type": 20, "codename": "view_vehicleinformation"}}, {"model": "auth.permission", "pk": 81, "fields": {"name": "Can add year", "content_type": 21, "codename": "add_year"}}, {"model": "auth.permission", "pk": 82, "fields": {"name": "Can change year", "content_type": 21, "codename": "change_year"}}, {"model": "auth.permission", "pk": 83, "fields": {"name": "Can delete year", "content_type": 21, "codename": "delete_year"}}, {"model": "auth.permission", "pk": 84, "fields": {"name": "Can view year", "content_type": 21, "codename": "view_year"}}, {"model": "auth.user", "pk": 1, "fields": {"password": "pbkdf2_sha256$120000$AEZNqgaoA1v9$wwPojQlK9rO6LqMpgJGlVOSCWkj2NQYZiOMwOh4WFOo=", "last_login": "2019-06-11T12:26:33Z", "is_superuser": true, "username": "testing", "first_name": "", "last_name": "", "email": "", "is_staff": true, "is_active": true, "date_joined": "2019-06-11T04:57:35Z", "groups": [], "user_permissions": []}}, {"model": "auth.user", "pk": 2, "fields": {"password": "pbkdf2_sha256$120000$y4dwIwmBnN7A$VQ1e+Lpx9nFtpI+PxLgFW6dYc/55yTnCklyk3+Ua0gc=", "last_login": "2019-06-23T05:51:15.567Z", "is_superuser": true, "username": "honcker", "first_name": "", "last_name": "", "email": "honcker@gmail.com", "is_staff": true, "is_active": true, "date_joined": "2019-06-11T13:52:59.722Z", "groups": [], "user_permissions": []}}, {"model": "auth.user", "pk": 3, "fields": {"password": "pbkdf2_sha256$120000$9Z6nntYJgBoE$/kWazyz81V1uKzE4hI0mOx41F5/7+CE2Tr7evPtDmbs=", "last_login": "2019-06-13T05:05:36Z", "is_superuser": true, "username": "tests", "first_name": "", "last_name": "", "email": "", "is_staff": true, "is_active": true, "date_joined": "2019-06-13T05:04:06Z", "groups": [], "user_permissions": []}}, {"model": "auth.user", "pk": 4, "fields": {"password": "pbkdf2_sha256$120000$w6ReRUihTF9R$jtcXJ+wSJKkMPD5L0D8D/2EeYeUNGlXCPPjFcwHM/GI=", "last_login": "2019-06-15T15:29:55.406Z", "is_superuser": true, "username": "admin", "first_name": "", "last_name": "", "email": "", "is_staff": true, "is_active": true, "date_joined": "2019-06-14T09:10:57Z", "groups": [], "user_permissions": []}}, {"model": "admin.logentry", "pk": 1, "fields": {"action_time": "2019-06-11T04:59:37.940Z", "user": 1, "content_type": 21, "object_id": "1", "object_repr": "2019", "action_flag": 1, "change_message": "[{\"added\": {}}]"}}, {"model": "admin.logentry", "pk": 2, "fields": {"action_time": "2019-06-11T04:59:41.908Z", "user": 1, "content_type": 12, "object_id": "1", "object_repr": "Acura | 2019", "action_flag": 1, "change_message": "[{\"added\": {}}]"}}, {"model": "admin.logentry", "pk": 3, "fields": {"action_time": "2019-06-11T04:59:45.330Z", "user": 1, "content_type": 14, "object_id": "1", "object_repr": "Acura ILX", "action_flag": 1, "change_message": "[{\"added\": {}}]"}}, {"model": "admin.logentry", "pk": 4, "fields": {"action_time": "2019-06-11T04:59:48.509Z", "user": 1, "content_type": 19, "object_id": "1", "object_repr": "Acura - ILX - Base", "action_flag": 1, "change_message": "[{\"added\": {}}]"}}, {"model": "admin.logentry", "pk": 5, "fields": {"action_time": "2019-06-11T05:04:43.142Z", "user": 1, "content_type": 9, "object_id": "1", "object_repr": "3-in-1", "action_flag": 1, "change_message": "[{\"added\": {}}]"}}, {"model": "admin.logentry", "pk": 6, "fields": {"action_time": "2019-06-11T05:07:09.178Z", "user": 1, "content_type": 17, "object_id": "1", "object_repr": "Acura ILX Base with price - 1234 in Category 3-in-1", "action_flag": 1, "change_message": "[{\"added\": {}}]"}}, {"model": "admin.logentry", "pk": 7, "fields": {"action_time": "2019-06-11T05:07:33.584Z", "user": 1, "content_type": 12, "object_id": "2", "object_repr": "Alfa Romeo | 2019", "action_flag": 1, "change_message": "[{\"added\": {}}]"}}, {"model": "admin.logentry", "pk": 8, "fields": {"action_time": "2019-06-11T05:07:41.196Z", "user": 1, "content_type": 12, "object_id": "3", "object_repr": "Audi | 2019", "action_flag": 1, "change_message": "[{\"added\": {}}]"}}, {"model": "admin.logentry", "pk": 9, "fields": {"action_time": "2019-06-11T05:08:10.456Z", "user": 1, "content_type": 14, "object_id": "2", "object_repr": "Acura MDX", "action_flag": 1, "change_message": "[{\"added\": {}}]"}}, {"model": "admin.logentry", "pk": 10, "fields": {"action_time": "2019-06-11T05:08:18.051Z", "user": 1, "content_type": 14, "object_id": "3", "object_repr": "Acura TLX", "action_flag": 1, "change_message": "[{\"added\": {}}]"}}, {"model": "admin.logentry", "pk": 11, "fields": {"action_time": "2019-06-11T05:08:33.213Z", "user": 1, "content_type": 14, "object_id": "4", "object_repr": "Acura RDX", "action_flag": 1, "change_message": "[{\"added\": {}}]"}}, {"model": "admin.logentry", "pk": 12, "fields": {"action_time": "2019-06-11T05:08:40.969Z", "user": 1, "content_type": 14, "object_id": "5", "object_repr": "Audi A3", "action_flag": 1, "change_message": "[{\"added\": {}}]"}}, {"model": "admin.logentry", "pk": 13, "fields": {"action_time": "2019-06-11T05:08:53.912Z", "user": 1, "content_type": 14, "object_id": "6", "object_repr": "Audi A4", "action_flag": 1, "change_message": "[{\"added\": {}}]"}}, {"model": "admin.logentry", "pk": 14, "fields": {"action_time": "2019-06-11T05:09:01.902Z", "user": 1, "content_type": 14, "object_id": "7", "object_repr": "Audi A5", "action_flag": 1, "change_message": "[{\"added\": {}}]"}}, {"model": "admin.logentry", "pk": 15, "fields": {"action_time": "2019-06-11T05:09:11.390Z", "user": 1, "content_type": 14, "object_id": "8", "object_repr": "Alfa Romeo Giulia", "action_flag": 1, "change_message": "[{\"added\": {}}]"}}, {"model": "admin.logentry", "pk": 16, "fields": {"action_time": "2019-06-11T05:09:25.212Z", "user": 1, "content_type": 19, "object_id": "2", "object_repr": "Acura - ILX - Base", "action_flag": 1, "change_message": "[{\"added\": {}}]"}}, {"model": "admin.logentry", "pk": 17, "fields": {"action_time": "2019-06-11T05:09:32.601Z", "user": 1, "content_type": 19, "object_id": "2", "object_repr": "Acura - ILX - Base", "action_flag": 3, "change_message": ""}}, {"model": "admin.logentry", "pk": 18, "fields": {"action_time": "2019-06-11T05:09:45.988Z", "user": 1, "content_type": 19, "object_id": "3", "object_repr": "Acura - ILX - w/Premium", "action_flag": 1, "change_message": "[{\"added\": {}}]"}}, {"model": "admin.logentry", "pk": 19, "fields": {"action_time": "2019-06-11T05:09:58.748Z", "user": 1, "content_type": 19, "object_id": "4", "object_repr": "Acura - ILX - SH-AWD Sport Hybrid w/Advance", "action_flag": 1, "change_message": "[{\"added\": {}}]"}}, {"model": "admin.logentry", "pk": 20, "fields": {"action_time": "2019-06-11T05:10:05.379Z", "user": 1, "content_type": 19, "object_id": "5", "object_repr": "Audi - A3 - SH-AWD w/Advance w/RES", "action_flag": 1, "change_message": "[{\"added\": {}}]"}}, {"model": "admin.logentry", "pk": 21, "fields": {"action_time": "2019-06-11T05:10:10.810Z", "user": 1, "content_type": 19, "object_id": "6", "object_repr": "Acura - MDX - Base", "action_flag": 1, "change_message": "[{\"added\": {}}]"}}, {"model": "admin.logentry", "pk": 22, "fields": {"action_time": "2019-06-11T05:10:16.581Z", "user": 1, "content_type": 19, "object_id": "7", "object_repr": "Alfa Romeo - Giulia - Base", "action_flag": 1, "change_message": "[{\"added\": {}}]"}}, {"model": "admin.logentry", "pk": 23, "fields": {"action_time": "2019-06-11T05:11:41.308Z", "user": 1, "content_type": 9, "object_id": "2", "object_repr": "ROAD key replacement", "action_flag": 1, "change_message": "[{\"added\": {}}]"}}, {"model": "admin.logentry", "pk": 24, "fields": {"action_time": "2019-06-11T05:12:03.975Z", "user": 1, "content_type": 9, "object_id": "3", "object_repr": "excess wear and tear", "action_flag": 1, "change_message": "[{\"added\": {}}]"}}, {"model": "admin.logentry", "pk": 25, "fields": {"action_time": "2019-06-11T05:12:51.077Z", "user": 1, "content_type": 9, "object_id": "4", "object_repr": "tire and wheel", "action_flag": 1, "change_message": "[{\"added\": {}}]"}}, {"model": "admin.logentry", "pk": 26, "fields": {"action_time": "2019-06-11T05:16:04.362Z", "user": 1, "content_type": 17, "object_id": "2", "object_repr": "Acura ILX Base with price - 2222 in Category ROAD key replacement", "action_flag": 1, "change_message": "[{\"added\": {}}]"}}, {"model": "admin.logentry", "pk": 27, "fields": {"action_time": "2019-06-11T05:57:55.593Z", "user": 1, "content_type": 17, "object_id": "3", "object_repr": "Acura ILX Base with price - 3333 in Category excess wear and tear", "action_flag": 1, "change_message": "[{\"added\": {}}]"}}, {"model": "admin.logentry", "pk": 28, "fields": {"action_time": "2019-06-11T05:58:15.765Z", "user": 1, "content_type": 17, "object_id": "4", "object_repr": "Acura ILX Base with price - 123123 in Category tire and wheel", "action_flag": 1, "change_message": "[{\"added\": {}}]"}}, {"model": "admin.logentry", "pk": 29, "fields": {"action_time": "2019-06-11T05:58:33.761Z", "user": 1, "content_type": 17, "object_id": "3", "object_repr": "Acura ILX Base with price - 3333 in Category excess wear and tear", "action_flag": 2, "change_message": "[{\"changed\": {\"fields\": [\"image\"]}}]"}}, {"model": "admin.logentry", "pk": 30, "fields": {"action_time": "2019-06-11T06:26:11.813Z", "user": 1, "content_type": 16, "object_id": "7", "object_repr": "d25612ef-e671-4c6c-900e-bbcbe6951e06 | ", "action_flag": 1, "change_message": "[{\"added\": {}}]"}}, {"model": "admin.logentry", "pk": 31, "fields": {"action_time": "2019-06-11T08:17:26.121Z", "user": 1, "content_type": 11, "object_id": "1", "object_repr": "36 months", "action_flag": 1, "change_message": "[{\"added\": {}}]"}}, {"model": "admin.logentry", "pk": 32, "fields": {"action_time": "2019-06-11T09:46:52.902Z", "user": 1, "content_type": 17, "object_id": "1", "object_repr": "Acura ILX Base with price - 1234 in Category 3-in-1", "action_flag": 2, "change_message": "[{\"changed\": {\"fields\": [\"description\", \"more_description\"]}}]"}}, {"model": "admin.logentry", "pk": 33, "fields": {"action_time": "2019-06-11T09:52:57.337Z", "user": 1, "content_type": 17, "object_id": "1", "object_repr": "Acura ILX Base with price - 1234 in Category 3-in-1", "action_flag": 2, "change_message": "[{\"changed\": {\"fields\": [\"description\"]}}]"}}, {"model": "admin.logentry", "pk": 34, "fields": {"action_time": "2019-06-11T09:54:42.823Z", "user": 1, "content_type": 17, "object_id": "3", "object_repr": "Acura ILX Base with price - 3333 in Category excess wear and tear", "action_flag": 2, "change_message": "[{\"changed\": {\"fields\": [\"description\"]}}]"}}, {"model": "admin.logentry", "pk": 35, "fields": {"action_time": "2019-06-11T09:57:18.343Z", "user": 1, "content_type": 17, "object_id": "3", "object_repr": "Acura ILX Base with price - 3333 in Category excess wear and tear", "action_flag": 2, "change_message": "[{\"changed\": {\"fields\": [\"description\"]}}]"}}, {"model": "admin.logentry", "pk": 36, "fields": {"action_time": "2019-06-11T09:59:51.577Z", "user": 1, "content_type": 17, "object_id": "4", "object_repr": "Acura ILX Base with price - 123123 in Category tire and wheel", "action_flag": 2, "change_message": "[{\"changed\": {\"fields\": [\"description\"]}}]"}}, {"model": "admin.logentry", "pk": 37, "fields": {"action_time": "2019-06-11T10:01:12.655Z", "user": 1, "content_type": 17, "object_id": "2", "object_repr": "Acura ILX Base with price - 2222 in Category ROAD key replacement", "action_flag": 2, "change_message": "[{\"changed\": {\"fields\": [\"description\"]}}]"}}, {"model": "admin.logentry", "pk": 38, "fields": {"action_time": "2019-06-11T10:01:27.482Z", "user": 1, "content_type": 17, "object_id": "2", "object_repr": "Acura ILX Base with price - 2222 in Category ROAD key replacement", "action_flag": 2, "change_message": "[{\"changed\": {\"fields\": [\"description\"]}}]"}}, {"model": "admin.logentry", "pk": 39, "fields": {"action_time": "2019-06-11T10:02:06.948Z", "user": 1, "content_type": 17, "object_id": "4", "object_repr": "Acura ILX Base with price - 123123 in Category tire and wheel", "action_flag": 2, "change_message": "[{\"changed\": {\"fields\": [\"description\"]}}]"}}, {"model": "admin.logentry", "pk": 40, "fields": {"action_time": "2019-06-11T10:06:35.171Z", "user": 1, "content_type": 17, "object_id": "4", "object_repr": "Acura ILX Base with price - 123123 in Category tire and wheel", "action_flag": 2, "change_message": "[{\"changed\": {\"fields\": [\"description\"]}}]"}}, {"model": "admin.logentry", "pk": 41, "fields": {"action_time": "2019-06-11T10:07:20.752Z", "user": 1, "content_type": 17, "object_id": "4", "object_repr": "Acura ILX Base with price - 123123 in Category tire and wheel", "action_flag": 2, "change_message": "[]"}}, {"model": "admin.logentry", "pk": 42, "fields": {"action_time": "2019-06-11T10:09:03.208Z", "user": 1, "content_type": 11, "object_id": "1", "object_repr": "24 months", "action_flag": 2, "change_message": "[{\"changed\": {\"fields\": [\"name\"]}}]"}}, {"model": "admin.logentry", "pk": 43, "fields": {"action_time": "2019-06-11T10:09:09.086Z", "user": 1, "content_type": 11, "object_id": "1", "object_repr": "24 months", "action_flag": 2, "change_message": "[{\"changed\": {\"fields\": [\"content\"]}}]"}}, {"model": "admin.logentry", "pk": 44, "fields": {"action_time": "2019-06-11T10:12:23.069Z", "user": 1, "content_type": 11, "object_id": "2", "object_repr": "27 months", "action_flag": 1, "change_message": "[{\"added\": {}}]"}}, {"model": "admin.logentry", "pk": 45, "fields": {"action_time": "2019-06-11T10:12:43.355Z", "user": 1, "content_type": 11, "object_id": "3", "object_repr": "36 months", "action_flag": 1, "change_message": "[{\"added\": {}}]"}}, {"model": "admin.logentry", "pk": 46, "fields": {"action_time": "2019-06-11T10:12:54.970Z", "user": 1, "content_type": 11, "object_id": "4", "object_repr": "39 months", "action_flag": 1, "change_message": "[{\"added\": {}}]"}}, {"model": "admin.logentry", "pk": 47, "fields": {"action_time": "2019-06-11T10:13:17.304Z", "user": 1, "content_type": 11, "object_id": "5", "object_repr": "48 months", "action_flag": 1, "change_message": "[{\"added\": {}}]"}}, {"model": "admin.logentry", "pk": 48, "fields": {"action_time": "2019-06-11T11:16:34.765Z", "user": 1, "content_type": 17, "object_id": "4", "object_repr": "Acura ILX Base with price - 123123 in Category tire and wheel", "action_flag": 2, "change_message": "[{\"changed\": {\"fields\": [\"description\"]}}]"}}, {"model": "admin.logentry", "pk": 49, "fields": {"action_time": "2019-06-11T11:16:52.647Z", "user": 1, "content_type": 17, "object_id": "2", "object_repr": "Acura ILX Base with price - 2222 in Category ROAD key replacement", "action_flag": 2, "change_message": "[{\"changed\": {\"fields\": [\"description\"]}}]"}}, {"model": "admin.logentry", "pk": 50, "fields": {"action_time": "2019-06-11T11:19:13.824Z", "user": 1, "content_type": 17, "object_id": "3", "object_repr": "Acura ILX Base with price - 3333 in Category excess wear and tear", "action_flag": 2, "change_message": "[{\"changed\": {\"fields\": [\"description\"]}}]"}}, {"model": "admin.logentry", "pk": 51, "fields": {"action_time": "2019-06-11T11:21:03.298Z", "user": 1, "content_type": 17, "object_id": "2", "object_repr": "Acura ILX Base with price - 2222 in Category ROAD key replacement", "action_flag": 2, "change_message": "[{\"changed\": {\"fields\": [\"description\"]}}]"}}, {"model": "admin.logentry", "pk": 52, "fields": {"action_time": "2019-06-11T11:21:40.565Z", "user": 1, "content_type": 17, "object_id": "1", "object_repr": "Acura ILX Base with price - 1234 in Category 3-in-1", "action_flag": 2, "change_message": "[{\"changed\": {\"fields\": [\"description\"]}}]"}}, {"model": "admin.logentry", "pk": 53, "fields": {"action_time": "2019-06-11T11:34:32.257Z", "user": 1, "content_type": 17, "object_id": "1", "object_repr": "Acura ILX Base with price - 1234 in Category 3-in-1", "action_flag": 2, "change_message": "[{\"changed\": {\"fields\": [\"description\"]}}]"}}, {"model": "admin.logentry", "pk": 54, "fields": {"action_time": "2019-06-11T11:35:33.174Z", "user": 1, "content_type": 17, "object_id": "1", "object_repr": "Acura ILX Base with price - 1234 in Category 3-in-1", "action_flag": 2, "change_message": "[{\"changed\": {\"fields\": [\"description\"]}}]"}}, {"model": "admin.logentry", "pk": 55, "fields": {"action_time": "2019-06-11T11:36:13.019Z", "user": 1, "content_type": 17, "object_id": "1", "object_repr": "Acura ILX Base with price - 1234 in Category 3-in-1", "action_flag": 2, "change_message": "[{\"changed\": {\"fields\": [\"description\"]}}]"}}, {"model": "admin.logentry", "pk": 56, "fields": {"action_time": "2019-06-11T11:37:00.815Z", "user": 1, "content_type": 17, "object_id": "1", "object_repr": "Acura ILX Base with price - 1234 in Category 3-in-1", "action_flag": 2, "change_message": "[{\"changed\": {\"fields\": [\"description\"]}}]"}}, {"model": "admin.logentry", "pk": 57, "fields": {"action_time": "2019-06-11T11:38:41.387Z", "user": 1, "content_type": 17, "object_id": "2", "object_repr": "Acura ILX Base with price - 2222 in Category ROAD key replacement", "action_flag": 2, "change_message": "[{\"changed\": {\"fields\": [\"description\"]}}]"}}, {"model": "admin.logentry", "pk": 58, "fields": {"action_time": "2019-06-11T11:40:05.050Z", "user": 1, "content_type": 17, "object_id": "2", "object_repr": "Acura ILX Base with price - 2222 in Category ROAD key replacement", "action_flag": 2, "change_message": "[{\"changed\": {\"fields\": [\"description\"]}}]"}}, {"model": "admin.logentry", "pk": 59, "fields": {"action_time": "2019-06-11T11:41:57.132Z", "user": 1, "content_type": 17, "object_id": "3", "object_repr": "Acura ILX Base with price - 3333 in Category excess wear and tear", "action_flag": 2, "change_message": "[{\"changed\": {\"fields\": [\"description\"]}}]"}}, {"model": "admin.logentry", "pk": 60, "fields": {"action_time": "2019-06-11T11:43:45.026Z", "user": 1, "content_type": 17, "object_id": "4", "object_repr": "Acura ILX Base with price - 123123 in Category tire and wheel", "action_flag": 2, "change_message": "[{\"changed\": {\"fields\": [\"description\"]}}]"}}, {"model": "admin.logentry", "pk": 61, "fields": {"action_time": "2019-06-11T11:45:20.725Z", "user": 1, "content_type": 17, "object_id": "4", "object_repr": "Acura ILX Base with price - 899 in Category tire and wheel", "action_flag": 2, "change_message": "[{\"changed\": {\"fields\": [\"price\"]}}]"}}, {"model": "admin.logentry", "pk": 62, "fields": {"action_time": "2019-06-11T11:45:47.220Z", "user": 1, "content_type": 17, "object_id": "3", "object_repr": "Acura ILX Base with price - 999 in Category excess wear and tear", "action_flag": 2, "change_message": "[{\"changed\": {\"fields\": [\"price\"]}}]"}}, {"model": "admin.logentry", "pk": 63, "fields": {"action_time": "2019-06-11T11:46:21.289Z", "user": 1, "content_type": 17, "object_id": "1", "object_repr": "Acura ILX Base with price - 1499 in Category 3-in-1", "action_flag": 2, "change_message": "[{\"changed\": {\"fields\": [\"price\", \"description\"]}}]"}}, {"model": "admin.logentry", "pk": 64, "fields": {"action_time": "2019-06-11T11:46:42.595Z", "user": 1, "content_type": 17, "object_id": "2", "object_repr": "Acura ILX Base with price - 299 in Category ROAD key replacement", "action_flag": 2, "change_message": "[{\"changed\": {\"fields\": [\"price\", \"description\"]}}]"}}, {"model": "admin.logentry", "pk": 65, "fields": {"action_time": "2019-06-11T12:00:07.582Z", "user": 1, "content_type": 17, "object_id": "1", "object_repr": "Acura ILX Base with price - 1499 in Category 3-in-1", "action_flag": 2, "change_message": "[{\"changed\": {\"fields\": [\"description\"]}}]"}}, {"model": "admin.logentry", "pk": 66, "fields": {"action_time": "2019-06-11T12:02:09.704Z", "user": 1, "content_type": 17, "object_id": "1", "object_repr": "Acura ILX Base with price - 1499 in Category 3-in-1", "action_flag": 2, "change_message": "[{\"changed\": {\"fields\": [\"description\"]}}]"}}, {"model": "admin.logentry", "pk": 67, "fields": {"action_time": "2019-06-11T12:04:11.629Z", "user": 1, "content_type": 17, "object_id": "2", "object_repr": "Acura ILX Base with price - 299 in Category ROAD key replacement", "action_flag": 2, "change_message": "[{\"changed\": {\"fields\": [\"description\"]}}]"}}, {"model": "admin.logentry", "pk": 68, "fields": {"action_time": "2019-06-11T12:05:33.250Z", "user": 1, "content_type": 17, "object_id": "3", "object_repr": "Acura ILX Base with price - 999 in Category excess wear and tear", "action_flag": 2, "change_message": "[{\"changed\": {\"fields\": [\"description\"]}}]"}}, {"model": "admin.logentry", "pk": 69, "fields": {"action_time": "2019-06-11T12:22:08.530Z", "user": 1, "content_type": 17, "object_id": "4", "object_repr": "Acura ILX Base with price - 899 in Category tire and wheel", "action_flag": 2, "change_message": "[{\"changed\": {\"fields\": [\"description\"]}}]"}}, {"model": "admin.logentry", "pk": 70, "fields": {"action_time": "2019-06-11T12:22:33.794Z", "user": 1, "content_type": 17, "object_id": "3", "object_repr": "Acura ILX Base with price - 999 in Category excess wear and tear", "action_flag": 2, "change_message": "[{\"changed\": {\"fields\": [\"description\"]}}]"}}, {"model": "admin.logentry", "pk": 71, "fields": {"action_time": "2019-06-11T12:23:09.190Z", "user": 1, "content_type": 17, "object_id": "2", "object_repr": "Acura ILX Base with price - 299 in Category ROAD key replacement", "action_flag": 2, "change_message": "[{\"changed\": {\"fields\": [\"description\"]}}]"}}, {"model": "admin.logentry", "pk": 72, "fields": {"action_time": "2019-06-11T12:23:26.506Z", "user": 1, "content_type": 17, "object_id": "1", "object_repr": "Acura ILX Base with price - 1499 in Category 3-in-1", "action_flag": 2, "change_message": "[{\"changed\": {\"fields\": [\"description\"]}}]"}}, {"model": "admin.logentry", "pk": 73, "fields": {"action_time": "2019-06-11T13:53:33.379Z", "user": 2, "content_type": 4, "object_id": "1", "object_repr": "testing", "action_flag": 2, "change_message": "[{\"changed\": {\"fields\": [\"username\"]}}]"}}, {"model": "admin.logentry", "pk": 74, "fields": {"action_time": "2019-06-12T13:36:04.906Z", "user": 2, "content_type": 21, "object_id": "2", "object_repr": "2015", "action_flag": 1, "change_message": "[{\"added\": {}}]"}}, {"model": "admin.logentry", "pk": 75, "fields": {"action_time": "2019-06-12T13:36:06.754Z", "user": 2, "content_type": 12, "object_id": "4", "object_repr": "maruti | 2015", "action_flag": 1, "change_message": "[{\"added\": {}}]"}}, {"model": "admin.logentry", "pk": 76, "fields": {"action_time": "2019-06-12T13:36:26.266Z", "user": 2, "content_type": 14, "object_id": "9", "object_repr": "maruti swift dzire vxi", "action_flag": 1, "change_message": "[{\"added\": {}}]"}}, {"model": "admin.logentry", "pk": 77, "fields": {"action_time": "2019-06-12T13:36:49.475Z", "user": 2, "content_type": 19, "object_id": "8", "object_repr": "maruti - swift dzire vxi - vxi", "action_flag": 1, "change_message": "[{\"added\": {}}]"}}, {"model": "admin.logentry", "pk": 78, "fields": {"action_time": "2019-06-12T13:38:20.201Z", "user": 2, "content_type": 17, "object_id": "5", "object_repr": "maruti swift dzire vxi vxi with price - 344 in Category tire and wheel", "action_flag": 1, "change_message": "[{\"added\": {}}]"}}, {"model": "admin.logentry", "pk": 79, "fields": {"action_time": "2019-06-12T13:39:21.990Z", "user": 2, "content_type": 14, "object_id": "9", "object_repr": "maruti swift dzire", "action_flag": 2, "change_message": "[{\"changed\": {\"fields\": [\"model\"]}}]"}}, {"model": "admin.logentry", "pk": 80, "fields": {"action_time": "2019-06-12T13:39:24.944Z", "user": 2, "content_type": 19, "object_id": "8", "object_repr": "maruti - swift dzire - vxi", "action_flag": 2, "change_message": "[]"}}, {"model": "admin.logentry", "pk": 81, "fields": {"action_time": "2019-06-13T05:13:42.689Z", "user": 3, "content_type": 17, "object_id": "5", "object_repr": "maruti swift dzire vxi with price - 344 in Category tire and wheel", "action_flag": 2, "change_message": "[{\"changed\": {\"fields\": [\"description\"]}}]"}}, {"model": "admin.logentry", "pk": 82, "fields": {"action_time": "2019-06-13T05:13:57.201Z", "user": 3, "content_type": 17, "object_id": "4", "object_repr": "Acura ILX Base with price - 899 in Category tire and wheel", "action_flag": 2, "change_message": "[{\"changed\": {\"fields\": [\"description\"]}}]"}}, {"model": "admin.logentry", "pk": 83, "fields": {"action_time": "2019-06-13T05:14:08.075Z", "user": 3, "content_type": 17, "object_id": "3", "object_repr": "Acura ILX Base with price - 999 in Category excess wear and tear", "action_flag": 2, "change_message": "[{\"changed\": {\"fields\": [\"description\"]}}]"}}, {"model": "admin.logentry", "pk": 84, "fields": {"action_time": "2019-06-13T05:14:17.422Z", "user": 3, "content_type": 17, "object_id": "3", "object_repr": "Acura ILX Base with price - 999 in Category excess wear and tear", "action_flag": 2, "change_message": "[]"}}, {"model": "admin.logentry", "pk": 85, "fields": {"action_time": "2019-06-13T05:14:25.336Z", "user": 3, "content_type": 17, "object_id": "2", "object_repr": "Acura ILX Base with price - 299 in Category ROAD key replacement", "action_flag": 2, "change_message": "[{\"changed\": {\"fields\": [\"description\"]}}]"}}, {"model": "admin.logentry", "pk": 86, "fields": {"action_time": "2019-06-13T05:14:36.792Z", "user": 3, "content_type": 17, "object_id": "1", "object_repr": "Acura ILX Base with price - 1499 in Category 3-in-1", "action_flag": 2, "change_message": "[{\"changed\": {\"fields\": [\"description\"]}}]"}}, {"model": "admin.logentry", "pk": 87, "fields": {"action_time": "2019-06-13T05:14:43.613Z", "user": 3, "content_type": 17, "object_id": "2", "object_repr": "Acura ILX Base with price - 299 in Category ROAD key replacement", "action_flag": 2, "change_message": "[]"}}, {"model": "admin.logentry", "pk": 88, "fields": {"action_time": "2019-06-13T10:08:58.458Z", "user": 3, "content_type": 17, "object_id": "1", "object_repr": "Acura ILX Base with price - 1499 in Category 3-in-1", "action_flag": 2, "change_message": "[]"}}, {"model": "admin.logentry", "pk": 89, "fields": {"action_time": "2019-06-13T10:09:07.972Z", "user": 3, "content_type": 17, "object_id": "2", "object_repr": "Acura ILX Base with price - 299 in Category ROAD key replacement", "action_flag": 2, "change_message": "[]"}}, {"model": "admin.logentry", "pk": 90, "fields": {"action_time": "2019-06-13T10:09:12.422Z", "user": 3, "content_type": 17, "object_id": "3", "object_repr": "Acura ILX Base with price - 999 in Category excess wear and tear", "action_flag": 2, "change_message": "[]"}}, {"model": "admin.logentry", "pk": 91, "fields": {"action_time": "2019-06-13T10:09:17.789Z", "user": 3, "content_type": 17, "object_id": "4", "object_repr": "Acura ILX Base with price - 899 in Category tire and wheel", "action_flag": 2, "change_message": "[]"}}, {"model": "admin.logentry", "pk": 92, "fields": {"action_time": "2019-06-13T10:09:22.699Z", "user": 3, "content_type": 17, "object_id": "5", "object_repr": "maruti swift dzire vxi with price - 344 in Category tire and wheel", "action_flag": 2, "change_message": "[]"}}, {"model": "admin.logentry", "pk": 93, "fields": {"action_time": "2019-06-13T10:11:06.942Z", "user": 3, "content_type": 13, "object_id": "2", "object_repr": "This page is for 3 in 1", "action_flag": 1, "change_message": "[{\"added\": {}}]"}}, {"model": "admin.logentry", "pk": 94, "fields": {"action_time": "2019-06-13T10:11:46.503Z", "user": 3, "content_type": 13, "object_id": "3", "object_repr": "ROAD key replacement", "action_flag": 1, "change_message": "[{\"added\": {}}]"}}, {"model": "admin.logentry", "pk": 95, "fields": {"action_time": "2019-06-13T10:12:22.264Z", "user": 3, "content_type": 13, "object_id": "4", "object_repr": "excess wear and tear", "action_flag": 1, "change_message": "[{\"added\": {}}]"}}, {"model": "admin.logentry", "pk": 96, "fields": {"action_time": "2019-06-13T10:12:53.812Z", "user": 3, "content_type": 13, "object_id": "5", "object_repr": "Tire", "action_flag": 1, "change_message": "[{\"added\": {}}]"}}, {"model": "admin.logentry", "pk": 97, "fields": {"action_time": "2019-06-13T10:24:28.844Z", "user": 3, "content_type": 13, "object_id": "6", "object_repr": "sdfsf", "action_flag": 1, "change_message": "[{\"added\": {}}]"}}, {"model": "admin.logentry", "pk": 98, "fields": {"action_time": "2019-06-13T15:39:10.090Z", "user": 2, "content_type": 4, "object_id": "3", "object_repr": "tests", "action_flag": 2, "change_message": "[{\"changed\": {\"fields\": [\"username\"]}}]"}}, {"model": "admin.logentry", "pk": 99, "fields": {"action_time": "2019-06-14T07:56:25.146Z", "user": 3, "content_type": 9, "object_id": "1", "object_repr": "3-in-1", "action_flag": 2, "change_message": "[]"}}, {"model": "admin.logentry", "pk": 100, "fields": {"action_time": "2019-06-14T07:56:44.402Z", "user": 3, "content_type": 9, "object_id": "3", "object_repr": "excess wear and tear", "action_flag": 2, "change_message": "[]"}}, {"model": "admin.logentry", "pk": 101, "fields": {"action_time": "2019-06-14T07:56:46.989Z", "user": 3, "content_type": 9, "object_id": "2", "object_repr": "ROAD key replacement", "action_flag": 2, "change_message": "[]"}}, {"model": "admin.logentry", "pk": 102, "fields": {"action_time": "2019-06-14T07:56:59.790Z", "user": 3, "content_type": 9, "object_id": "4", "object_repr": "tire and wheel", "action_flag": 2, "change_message": "[]"}}, {"model": "admin.logentry", "pk": 103, "fields": {"action_time": "2019-06-14T09:52:05.314Z", "user": 4, "content_type": 9, "object_id": "1", "object_repr": "3-in-1", "action_flag": 2, "change_message": "[{\"changed\": {\"fields\": [\"description\", \"more_description\"]}}]"}}, {"model": "admin.logentry", "pk": 104, "fields": {"action_time": "2019-06-14T10:05:42.350Z", "user": 4, "content_type": 9, "object_id": "2", "object_repr": "ROAD key replacement", "action_flag": 2, "change_message": "[{\"changed\": {\"fields\": [\"description\", \"more_description\"]}}]"}}, {"model": "admin.logentry", "pk": 105, "fields": {"action_time": "2019-06-14T10:05:56.456Z", "user": 4, "content_type": 9, "object_id": "1", "object_repr": "3-in-1", "action_flag": 2, "change_message": "[{\"changed\": {\"fields\": [\"description\", \"more_description\"]}}]"}}, {"model": "admin.logentry", "pk": 106, "fields": {"action_time": "2019-06-14T10:06:11.159Z", "user": 4, "content_type": 9, "object_id": "1", "object_repr": "3-in-1", "action_flag": 2, "change_message": "[{\"changed\": {\"fields\": [\"description\"]}}]"}}, {"model": "admin.logentry", "pk": 107, "fields": {"action_time": "2019-06-14T10:06:28.186Z", "user": 4, "content_type": 9, "object_id": "3", "object_repr": "excess wear and tear", "action_flag": 2, "change_message": "[{\"changed\": {\"fields\": [\"description\", \"more_description\"]}}]"}}, {"model": "admin.logentry", "pk": 108, "fields": {"action_time": "2019-06-14T10:07:54.169Z", "user": 4, "content_type": 9, "object_id": "4", "object_repr": "tire and wheel", "action_flag": 2, "change_message": "[{\"changed\": {\"fields\": [\"description\", \"more_description\"]}}]"}}, {"model": "admin.logentry", "pk": 109, "fields": {"action_time": "2019-06-15T04:48:36.217Z", "user": 4, "content_type": 9, "object_id": "4", "object_repr": "tire and wheel", "action_flag": 2, "change_message": "[{\"changed\": {\"fields\": [\"description\"]}}]"}}, {"model": "admin.logentry", "pk": 110, "fields": {"action_time": "2019-06-15T04:49:01.287Z", "user": 4, "content_type": 9, "object_id": "2", "object_repr": "ROAD key replacement", "action_flag": 2, "change_message": "[{\"changed\": {\"fields\": [\"description\"]}}]"}}, {"model": "admin.logentry", "pk": 111, "fields": {"action_time": "2019-06-15T04:49:17.448Z", "user": 4, "content_type": 9, "object_id": "3", "object_repr": "excess wear and tear", "action_flag": 2, "change_message": "[{\"changed\": {\"fields\": [\"description\"]}}]"}}, {"model": "admin.logentry", "pk": 112, "fields": {"action_time": "2019-06-15T04:49:28.149Z", "user": 4, "content_type": 9, "object_id": "4", "object_repr": "tire and wheel", "action_flag": 2, "change_message": "[]"}}, {"model": "admin.logentry", "pk": 113, "fields": {"action_time": "2019-06-15T04:49:38.478Z", "user": 4, "content_type": 9, "object_id": "1", "object_repr": "3-in-1", "action_flag": 2, "change_message": "[{\"changed\": {\"fields\": [\"description\"]}}]"}}, {"model": "admin.logentry", "pk": 114, "fields": {"action_time": "2019-06-15T05:55:59.203Z", "user": 4, "content_type": 9, "object_id": "1", "object_repr": "3-in-1", "action_flag": 2, "change_message": "[{\"changed\": {\"fields\": [\"description\", \"more_description\"]}}]"}}, {"model": "admin.logentry", "pk": 115, "fields": {"action_time": "2019-06-15T05:56:15.447Z", "user": 4, "content_type": 9, "object_id": "1", "object_repr": "3-in-1", "action_flag": 2, "change_message": "[]"}}, {"model": "admin.logentry", "pk": 116, "fields": {"action_time": "2019-06-15T05:58:40.599Z", "user": 4, "content_type": 9, "object_id": "1", "object_repr": "3-in-1", "action_flag": 2, "change_message": "[{\"changed\": {\"fields\": [\"description\"]}}]"}}, {"model": "admin.logentry", "pk": 117, "fields": {"action_time": "2019-06-15T06:02:01.579Z", "user": 4, "content_type": 9, "object_id": "3", "object_repr": "excess wear and tear", "action_flag": 2, "change_message": "[{\"changed\": {\"fields\": [\"more_description\"]}}]"}}, {"model": "admin.logentry", "pk": 118, "fields": {"action_time": "2019-06-15T06:04:12.277Z", "user": 4, "content_type": 9, "object_id": "2", "object_repr": "ROAD key replacement", "action_flag": 2, "change_message": "[{\"changed\": {\"fields\": [\"more_description\"]}}]"}}, {"model": "admin.logentry", "pk": 119, "fields": {"action_time": "2019-06-15T06:05:02.850Z", "user": 4, "content_type": 9, "object_id": "4", "object_repr": "tire and wheel", "action_flag": 2, "change_message": "[{\"changed\": {\"fields\": [\"more_description\"]}}]"}}, {"model": "admin.logentry", "pk": 120, "fields": {"action_time": "2019-06-15T06:14:00.696Z", "user": 4, "content_type": 9, "object_id": "4", "object_repr": "tire and wheel", "action_flag": 2, "change_message": "[]"}}, {"model": "admin.logentry", "pk": 121, "fields": {"action_time": "2019-06-15T06:14:49.842Z", "user": 4, "content_type": 9, "object_id": "4", "object_repr": "tire and wheel", "action_flag": 2, "change_message": "[{\"changed\": {\"fields\": [\"more_description\"]}}]"}}, {"model": "admin.logentry", "pk": 122, "fields": {"action_time": "2019-06-15T06:15:20.499Z", "user": 4, "content_type": 9, "object_id": "3", "object_repr": "excess wear and tear", "action_flag": 2, "change_message": "[{\"changed\": {\"fields\": [\"more_description\"]}}]"}}, {"model": "admin.logentry", "pk": 123, "fields": {"action_time": "2019-06-15T06:15:45.176Z", "user": 4, "content_type": 9, "object_id": "2", "object_repr": "ROAD key replacement", "action_flag": 2, "change_message": "[{\"changed\": {\"fields\": [\"description\", \"more_description\"]}}]"}}, {"model": "admin.logentry", "pk": 124, "fields": {"action_time": "2019-06-15T06:16:15.724Z", "user": 4, "content_type": 9, "object_id": "1", "object_repr": "3-in-1", "action_flag": 2, "change_message": "[{\"changed\": {\"fields\": [\"more_description\"]}}]"}}, {"model": "admin.logentry", "pk": 125, "fields": {"action_time": "2019-06-15T06:19:24.771Z", "user": 4, "content_type": 9, "object_id": "1", "object_repr": "3-in-1", "action_flag": 2, "change_message": "[{\"changed\": {\"fields\": [\"more_description\"]}}]"}}, {"model": "admin.logentry", "pk": 126, "fields": {"action_time": "2019-06-15T06:20:05.004Z", "user": 4, "content_type": 9, "object_id": "3", "object_repr": "excess wear and tear", "action_flag": 2, "change_message": "[{\"changed\": {\"fields\": [\"more_description\"]}}]"}}, {"model": "admin.logentry", "pk": 127, "fields": {"action_time": "2019-06-15T06:20:26.855Z", "user": 4, "content_type": 9, "object_id": "2", "object_repr": "ROAD key replacement", "action_flag": 2, "change_message": "[{\"changed\": {\"fields\": [\"description\", \"more_description\"]}}]"}}, {"model": "admin.logentry", "pk": 128, "fields": {"action_time": "2019-06-15T08:03:50.281Z", "user": 2, "content_type": 4, "object_id": "4", "object_repr": "admin", "action_flag": 2, "change_message": "[{\"changed\": {\"fields\": [\"username\"]}}]"}}, {"model": "admin.logentry", "pk": 129, "fields": {"action_time": "2019-06-15T08:40:35.823Z", "user": 2, "content_type": 13, "object_id": "4", "object_repr": "Excess wear and tear coverage for leased vehicles | Rodo Insurance", "action_flag": 2, "change_message": "[{\"changed\": {\"fields\": [\"title\", \"h1\", \"meta_descripton\", \"slug\"]}}]"}}, {"model": "admin.logentry", "pk": 130, "fields": {"action_time": "2019-06-15T08:42:10.238Z", "user": 2, "content_type": 13, "object_id": "5", "object_repr": "Tire and wheel coverage for leased vehicles | Rodo Insurance", "action_flag": 2, "change_message": "[{\"changed\": {\"fields\": [\"title\", \"h1\", \"meta_descripton\", \"slug\"]}}]"}}, {"model": "admin.logentry", "pk": 131, "fields": {"action_time": "2019-06-15T08:43:01.965Z", "user": 2, "content_type": 13, "object_id": "2", "object_repr": "Windshield, wheels, and dent repair coverage for leased vehicles | Rodo Insurance", "action_flag": 2, "change_message": "[{\"changed\": {\"fields\": [\"title\", \"h1\", \"meta_descripton\", \"slug\"]}}]"}}, {"model": "admin.logentry", "pk": 132, "fields": {"action_time": "2019-06-15T08:44:10.898Z", "user": 2, "content_type": 13, "object_id": "3", "object_repr": "Car key replacement coverage for leased vehicles | Rodo Insurance", "action_flag": 2, "change_message": "[{\"changed\": {\"fields\": [\"title\", \"h1\", \"meta_descripton\", \"slug\"]}}]"}}, {"model": "admin.logentry", "pk": 133, "fields": {"action_time": "2019-06-15T08:44:35.432Z", "user": 2, "content_type": 13, "object_id": "6", "object_repr": "sdfsf", "action_flag": 2, "change_message": "[{\"changed\": {\"fields\": [\"slug\"]}}]"}}, {"model": "admin.logentry", "pk": 134, "fields": {"action_time": "2019-06-15T08:45:42.088Z", "user": 2, "content_type": 13, "object_id": "7", "object_repr": "Checkout | Rodo Insurance", "action_flag": 1, "change_message": "[{\"added\": {}}]"}}, {"model": "admin.logentry", "pk": 135, "fields": {"action_time": "2019-06-15T10:19:14.104Z", "user": 2, "content_type": 13, "object_id": "6", "object_repr": "sdfsf", "action_flag": 2, "change_message": "[{\"changed\": {\"fields\": [\"meta_descripton\", \"slug\"]}}]"}}, {"model": "admin.logentry", "pk": 136, "fields": {"action_time": "2019-06-15T10:20:13.754Z", "user": 2, "content_type": 13, "object_id": "6", "object_repr": "Enhanced coverage for leased vehicles | Rodo Insurance", "action_flag": 2, "change_message": "[{\"changed\": {\"fields\": [\"title\", \"h1\", \"meta_descripton\", \"slug\"]}}]"}}, {"model": "admin.logentry", "pk": 137, "fields": {"action_time": "2019-06-15T10:55:48.992Z", "user": 2, "content_type": 9, "object_id": "3", "object_repr": "Excess Wear and Tear", "action_flag": 2, "change_message": "[{\"changed\": {\"fields\": [\"name\", \"description\", \"more_description\", \"slug\"]}}]"}}, {"model": "admin.logentry", "pk": 138, "fields": {"action_time": "2019-06-15T11:46:26.313Z", "user": 4, "content_type": 9, "object_id": "3", "object_repr": "Excess Wear and Tear", "action_flag": 2, "change_message": "[{\"changed\": {\"fields\": [\"description\"]}}]"}}, {"model": "admin.logentry", "pk": 139, "fields": {"action_time": "2019-06-15T14:17:01.599Z", "user": 2, "content_type": 9, "object_id": "4", "object_repr": "tire and wheel", "action_flag": 2, "change_message": "[{\"changed\": {\"fields\": [\"description\", \"more_description\", \"slug\"]}}]"}}, {"model": "admin.logentry", "pk": 140, "fields": {"action_time": "2019-06-15T15:30:51.491Z", "user": 4, "content_type": 9, "object_id": "4", "object_repr": "tire and wheel", "action_flag": 2, "change_message": "[{\"changed\": {\"fields\": [\"slug\"]}}]"}}, {"model": "admin.logentry", "pk": 141, "fields": {"action_time": "2019-06-15T15:31:10.127Z", "user": 4, "content_type": 9, "object_id": "4", "object_repr": "tire and wheel", "action_flag": 2, "change_message": "[{\"changed\": {\"fields\": [\"slug\"]}}]"}}, {"model": "admin.logentry", "pk": 142, "fields": {"action_time": "2019-06-15T15:33:12.897Z", "user": 4, "content_type": 9, "object_id": "4", "object_repr": "tire and wheel", "action_flag": 2, "change_message": "[{\"changed\": {\"fields\": [\"slug\"]}}]"}}, {"model": "admin.logentry", "pk": 143, "fields": {"action_time": "2019-06-15T15:33:39.664Z", "user": 4, "content_type": 9, "object_id": "3", "object_repr": "Excess Wear and Tear", "action_flag": 2, "change_message": "[{\"changed\": {\"fields\": [\"description\", \"slug\"]}}]"}}, {"model": "admin.logentry", "pk": 144, "fields": {"action_time": "2019-06-15T15:33:57.662Z", "user": 4, "content_type": 9, "object_id": "2", "object_repr": "ROAD key replacement", "action_flag": 2, "change_message": "[{\"changed\": {\"fields\": [\"description\", \"slug\"]}}]"}}, {"model": "admin.logentry", "pk": 145, "fields": {"action_time": "2019-06-15T15:34:16.747Z", "user": 4, "content_type": 9, "object_id": "1", "object_repr": "3-in-1", "action_flag": 2, "change_message": "[{\"changed\": {\"fields\": [\"description\", \"more_description\", \"slug\"]}}]"}}, {"model": "admin.logentry", "pk": 146, "fields": {"action_time": "2019-06-17T05:08:02.559Z", "user": 4, "content_type": 9, "object_id": "4", "object_repr": "tire and wheel", "action_flag": 2, "change_message": "[{\"changed\": {\"fields\": [\"description\"]}}]"}}, {"model": "admin.logentry", "pk": 147, "fields": {"action_time": "2019-06-17T05:08:12.845Z", "user": 4, "content_type": 9, "object_id": "3", "object_repr": "Excess Wear and Tear", "action_flag": 2, "change_message": "[{\"changed\": {\"fields\": [\"description\"]}}]"}}, {"model": "admin.logentry", "pk": 148, "fields": {"action_time": "2019-06-17T05:08:21.396Z", "user": 4, "content_type": 9, "object_id": "2", "object_repr": "ROAD key replacement", "action_flag": 2, "change_message": "[{\"changed\": {\"fields\": [\"description\"]}}]"}}, {"model": "admin.logentry", "pk": 149, "fields": {"action_time": "2019-06-17T05:08:28.143Z", "user": 4, "content_type": 9, "object_id": "1", "object_repr": "3-in-1", "action_flag": 2, "change_message": "[{\"changed\": {\"fields\": [\"description\"]}}]"}}, {"model": "admin.logentry", "pk": 150, "fields": {"action_time": "2019-06-18T07:07:23.760Z", "user": 3, "content_type": 9, "object_id": "3", "object_repr": "Excess Wear and Tear", "action_flag": 2, "change_message": "[{\"changed\": {\"fields\": [\"description\"]}}]"}}, {"model": "admin.logentry", "pk": 151, "fields": {"action_time": "2019-06-18T07:07:41.144Z", "user": 3, "content_type": 9, "object_id": "4", "object_repr": "tire and wheel", "action_flag": 2, "change_message": "[{\"changed\": {\"fields\": [\"description\", \"orderby\"]}}]"}}, {"model": "admin.logentry", "pk": 152, "fields": {"action_time": "2019-06-18T07:07:52.592Z", "user": 3, "content_type": 9, "object_id": "1", "object_repr": "3-in-1", "action_flag": 2, "change_message": "[{\"changed\": {\"fields\": [\"description\", \"orderby\"]}}]"}}, {"model": "admin.logentry", "pk": 153, "fields": {"action_time": "2019-06-18T07:07:58.462Z", "user": 3, "content_type": 9, "object_id": "2", "object_repr": "ROAD key replacement", "action_flag": 2, "change_message": "[{\"changed\": {\"fields\": [\"description\", \"orderby\"]}}]"}}, {"model": "admin.logentry", "pk": 154, "fields": {"action_time": "2019-06-18T07:08:12.377Z", "user": 3, "content_type": 9, "object_id": "1", "object_repr": "3-in-1", "action_flag": 2, "change_message": "[]"}}, {"model": "admin.logentry", "pk": 155, "fields": {"action_time": "2019-06-18T07:09:16.766Z", "user": 3, "content_type": 9, "object_id": "1", "object_repr": "3-in-1", "action_flag": 2, "change_message": "[{\"changed\": {\"fields\": [\"description\"]}}]"}}, {"model": "admin.logentry", "pk": 156, "fields": {"action_time": "2019-06-18T07:09:33.254Z", "user": 3, "content_type": 9, "object_id": "2", "object_repr": "ROAD key replacement", "action_flag": 2, "change_message": "[{\"changed\": {\"fields\": [\"description\"]}}]"}}, {"model": "admin.logentry", "pk": 157, "fields": {"action_time": "2019-06-18T07:09:46.200Z", "user": 3, "content_type": 9, "object_id": "3", "object_repr": "Excess Wear and Tear", "action_flag": 2, "change_message": "[{\"changed\": {\"fields\": [\"description\"]}}]"}}, {"model": "admin.logentry", "pk": 158, "fields": {"action_time": "2019-06-18T07:09:58.733Z", "user": 3, "content_type": 9, "object_id": "4", "object_repr": "tire and wheel", "action_flag": 2, "change_message": "[{\"changed\": {\"fields\": [\"description\"]}}]"}}, {"model": "admin.logentry", "pk": 159, "fields": {"action_time": "2019-06-19T05:20:40.353Z", "user": 4, "content_type": 9, "object_id": "4", "object_repr": "tire and wheel", "action_flag": 2, "change_message": "[{\"changed\": {\"fields\": [\"description\"]}}]"}}, {"model": "admin.logentry", "pk": 160, "fields": {"action_time": "2019-06-19T05:21:02.935Z", "user": 4, "content_type": 9, "object_id": "4", "object_repr": "tire and wheel", "action_flag": 2, "change_message": "[]"}}, {"model": "admin.logentry", "pk": 161, "fields": {"action_time": "2019-06-19T05:21:16.897Z", "user": 4, "content_type": 9, "object_id": "1", "object_repr": "3-in-1", "action_flag": 2, "change_message": "[{\"changed\": {\"fields\": [\"description\"]}}]"}}, {"model": "admin.logentry", "pk": 162, "fields": {"action_time": "2019-06-19T05:23:41.941Z", "user": 4, "content_type": 9, "object_id": "2", "object_repr": "ROAD key replacement", "action_flag": 2, "change_message": "[{\"changed\": {\"fields\": [\"description\"]}}]"}}, {"model": "admin.logentry", "pk": 163, "fields": {"action_time": "2019-06-19T05:26:20.272Z", "user": 4, "content_type": 9, "object_id": "4", "object_repr": "tire and wheel", "action_flag": 2, "change_message": "[{\"changed\": {\"fields\": [\"description\"]}}]"}}, {"model": "admin.logentry", "pk": 164, "fields": {"action_time": "2019-06-19T05:27:44.238Z", "user": 4, "content_type": 9, "object_id": "3", "object_repr": "Excess Wear and Tear", "action_flag": 2, "change_message": "[{\"changed\": {\"fields\": [\"description\"]}}]"}}, {"model": "admin.logentry", "pk": 165, "fields": {"action_time": "2019-06-19T10:09:17.708Z", "user": 4, "content_type": 17, "object_id": "3", "object_repr": "Acura ILX Base with price - 999 in Category Excess Wear and Tear", "action_flag": 2, "change_message": "[{\"changed\": {\"fields\": [\"slug\"]}}]"}}, {"model": "admin.logentry", "pk": 166, "fields": {"action_time": "2019-06-19T10:09:52.777Z", "user": 4, "content_type": 17, "object_id": "3", "object_repr": "Acura ILX Base with price - 999 in Category Excess Wear and Tear", "action_flag": 2, "change_message": "[{\"changed\": {\"fields\": [\"description\", \"slug\"]}}]"}}, {"model": "admin.logentry", "pk": 167, "fields": {"action_time": "2019-06-19T10:18:49.521Z", "user": 4, "content_type": 17, "object_id": "3", "object_repr": "Acura ILX Base with price - 999 in Category Excess Wear and Tear", "action_flag": 2, "change_message": "[{\"changed\": {\"fields\": [\"description\", \"slug\"]}}]"}}, {"model": "admin.logentry", "pk": 168, "fields": {"action_time": "2019-06-19T10:19:39.399Z", "user": 4, "content_type": 17, "object_id": "3", "object_repr": "Acura ILX Base with price - 999 in Category Excess Wear and Tear", "action_flag": 2, "change_message": "[{\"changed\": {\"fields\": [\"description\", \"slug\"]}}]"}}, {"model": "admin.logentry", "pk": 169, "fields": {"action_time": "2019-06-19T10:21:54.703Z", "user": 4, "content_type": 17, "object_id": "3", "object_repr": "Acura ILX Base with price - 999 in Category Excess Wear and Tear", "action_flag": 2, "change_message": "[{\"changed\": {\"fields\": [\"description\", \"slug\"]}}]"}}, {"model": "admin.logentry", "pk": 170, "fields": {"action_time": "2019-06-19T10:26:22.805Z", "user": 4, "content_type": 17, "object_id": "3", "object_repr": "Acura ILX Base with price - 999 in Category Excess Wear and Tear", "action_flag": 2, "change_message": "[{\"changed\": {\"fields\": [\"description\", \"slug\"]}}]"}}, {"model": "admin.logentry", "pk": 171, "fields": {"action_time": "2019-06-19T10:27:00.612Z", "user": 4, "content_type": 17, "object_id": "3", "object_repr": "Acura ILX Base with price - 999 in Category Excess Wear and Tear", "action_flag": 2, "change_message": "[{\"changed\": {\"fields\": [\"description\", \"slug\"]}}]"}}, {"model": "admin.logentry", "pk": 172, "fields": {"action_time": "2019-06-19T10:29:14.044Z", "user": 4, "content_type": 17, "object_id": "3", "object_repr": "Acura ILX Base with price - 999 in Category Excess Wear and Tear", "action_flag": 2, "change_message": "[{\"changed\": {\"fields\": [\"description\", \"slug\"]}}]"}}, {"model": "admin.logentry", "pk": 173, "fields": {"action_time": "2019-06-19T10:36:07.748Z", "user": 4, "content_type": 17, "object_id": "3", "object_repr": "Acura ILX Base with price - 999 in Category Excess Wear and Tear", "action_flag": 2, "change_message": "[{\"changed\": {\"fields\": [\"description\", \"slug\"]}}]"}}, {"model": "admin.logentry", "pk": 174, "fields": {"action_time": "2019-06-19T11:19:13.841Z", "user": 4, "content_type": 17, "object_id": "5", "object_repr": "maruti swift dzire vxi with price - 344 in Category tire and wheel", "action_flag": 2, "change_message": "[{\"changed\": {\"fields\": [\"description\", \"slug\"]}}]"}}, {"model": "admin.logentry", "pk": 175, "fields": {"action_time": "2019-06-19T11:21:03.421Z", "user": 4, "content_type": 17, "object_id": "4", "object_repr": "Acura ILX Base with price - 899 in Category tire and wheel", "action_flag": 2, "change_message": "[{\"changed\": {\"fields\": [\"description\", \"slug\"]}}]"}}, {"model": "admin.logentry", "pk": 176, "fields": {"action_time": "2019-06-19T11:33:09.094Z", "user": 4, "content_type": 17, "object_id": "4", "object_repr": "Acura ILX Base with price - 899 in Category tire and wheel", "action_flag": 2, "change_message": "[{\"changed\": {\"fields\": [\"description\", \"slug\"]}}]"}}, {"model": "admin.logentry", "pk": 177, "fields": {"action_time": "2019-06-19T11:33:38.792Z", "user": 4, "content_type": 17, "object_id": "4", "object_repr": "Acura ILX Base with price - 899 in Category tire and wheel", "action_flag": 2, "change_message": "[{\"changed\": {\"fields\": [\"description\", \"slug\"]}}]"}}, {"model": "admin.logentry", "pk": 178, "fields": {"action_time": "2019-06-19T11:59:55.197Z", "user": 4, "content_type": 9, "object_id": "4", "object_repr": "tire and wheel", "action_flag": 2, "change_message": "[{\"changed\": {\"fields\": [\"subtitle\", \"description\"]}}]"}}, {"model": "admin.logentry", "pk": 179, "fields": {"action_time": "2019-06-19T12:00:17.822Z", "user": 4, "content_type": 9, "object_id": "3", "object_repr": "Excess Wear and Tear", "action_flag": 2, "change_message": "[{\"changed\": {\"fields\": [\"subtitle\", \"description\"]}}]"}}, {"model": "admin.logentry", "pk": 180, "fields": {"action_time": "2019-06-19T12:01:02.179Z", "user": 4, "content_type": 9, "object_id": "1", "object_repr": "3-in-1", "action_flag": 2, "change_message": "[{\"changed\": {\"fields\": [\"subtitle\", \"description\"]}}]"}}, {"model": "admin.logentry", "pk": 181, "fields": {"action_time": "2019-06-19T12:01:28.331Z", "user": 4, "content_type": 9, "object_id": "2", "object_repr": "ROAD key replacement", "action_flag": 2, "change_message": "[{\"changed\": {\"fields\": [\"subtitle\", \"description\"]}}]"}}, {"model": "admin.logentry", "pk": 182, "fields": {"action_time": "2019-06-19T12:01:38.131Z", "user": 4, "content_type": 9, "object_id": "3", "object_repr": "Excess Wear and Tear", "action_flag": 2, "change_message": "[]"}}, {"model": "admin.logentry", "pk": 183, "fields": {"action_time": "2019-06-19T12:01:48.704Z", "user": 4, "content_type": 9, "object_id": "4", "object_repr": "tire and wheel", "action_flag": 2, "change_message": "[{\"changed\": {\"fields\": [\"description\"]}}]"}}, {"model": "admin.logentry", "pk": 184, "fields": {"action_time": "2019-06-19T12:02:14.822Z", "user": 4, "content_type": 9, "object_id": "3", "object_repr": "Excess Wear and Tear", "action_flag": 2, "change_message": "[{\"changed\": {\"fields\": [\"description\"]}}]"}}, {"model": "admin.logentry", "pk": 185, "fields": {"action_time": "2019-06-19T12:02:36.319Z", "user": 4, "content_type": 9, "object_id": "2", "object_repr": "ROAD key replacement", "action_flag": 2, "change_message": "[{\"changed\": {\"fields\": [\"description\"]}}]"}}, {"model": "admin.logentry", "pk": 186, "fields": {"action_time": "2019-06-19T12:02:44.450Z", "user": 4, "content_type": 9, "object_id": "1", "object_repr": "3-in-1", "action_flag": 2, "change_message": "[{\"changed\": {\"fields\": [\"description\"]}}]"}}, {"model": "admin.logentry", "pk": 187, "fields": {"action_time": "2019-06-19T13:13:13.896Z", "user": 4, "content_type": 9, "object_id": "4", "object_repr": "tire and wheel", "action_flag": 2, "change_message": "[{\"changed\": {\"fields\": [\"description\"]}}]"}}, {"model": "admin.logentry", "pk": 188, "fields": {"action_time": "2019-06-19T13:13:37.743Z", "user": 4, "content_type": 9, "object_id": "4", "object_repr": "tire and wheel", "action_flag": 2, "change_message": "[{\"changed\": {\"fields\": [\"description\"]}}]"}}, {"model": "admin.logentry", "pk": 189, "fields": {"action_time": "2019-06-20T12:44:20.067Z", "user": 2, "content_type": 12, "object_id": "5", "object_repr": "Land Rover | 2019", "action_flag": 1, "change_message": "[{\"added\": {}}]"}}, {"model": "admin.logentry", "pk": 190, "fields": {"action_time": "2019-06-20T12:46:19.924Z", "user": 2, "content_type": 14, "object_id": "10", "object_repr": "Land Rover Range Rover Velar", "action_flag": 1, "change_message": "[{\"added\": {}}]"}}, {"model": "admin.logentry", "pk": 191, "fields": {"action_time": "2019-06-20T12:46:38.043Z", "user": 2, "content_type": 19, "object_id": "9", "object_repr": "Land Rover - Range Rover Velar - D180 S", "action_flag": 1, "change_message": "[{\"added\": {}}]"}}, {"model": "admin.logentry", "pk": 192, "fields": {"action_time": "2019-06-20T13:05:04.272Z", "user": 3, "content_type": 21, "object_id": "3", "object_repr": "2020", "action_flag": 1, "change_message": "[{\"added\": {}}]"}}, {"model": "admin.logentry", "pk": 193, "fields": {"action_time": "2019-06-20T13:05:23.047Z", "user": 3, "content_type": 12, "object_id": "6", "object_repr": "Land Rover | 2020", "action_flag": 1, "change_message": "[{\"added\": {}}]"}}, {"model": "admin.logentry", "pk": 194, "fields": {"action_time": "2019-06-20T13:05:34.788Z", "user": 3, "content_type": 14, "object_id": "10", "object_repr": "Land Rover Range Rover Velar", "action_flag": 2, "change_message": "[]"}}, {"model": "admin.logentry", "pk": 195, "fields": {"action_time": "2019-06-20T13:05:54.719Z", "user": 3, "content_type": 14, "object_id": "11", "object_repr": "Land Rover Range Rover Velar Test", "action_flag": 1, "change_message": "[{\"added\": {}}]"}}, {"model": "admin.logentry", "pk": 196, "fields": {"action_time": "2019-06-20T13:06:25.086Z", "user": 3, "content_type": 19, "object_id": "10", "object_repr": "Land Rover - Range Rover Velar Test - D180 ST", "action_flag": 1, "change_message": "[{\"added\": {}}]"}}, {"model": "admin.logentry", "pk": 197, "fields": {"action_time": "2019-06-20T13:21:27.861Z", "user": 3, "content_type": 17, "object_id": "6", "object_repr": "Land Rover Range Rover Velar Test D180 ST with price - 1122 in Category Excess Wear and Tear", "action_flag": 1, "change_message": "[{\"added\": {}}]"}}, {"model": "admin.logentry", "pk": 198, "fields": {"action_time": "2019-06-20T13:25:06.433Z", "user": 2, "content_type": 17, "object_id": "7", "object_repr": "Land Rover Range Rover Velar D180 S with price - 399 in Category Excess Wear and Tear", "action_flag": 1, "change_message": "[{\"added\": {}}]"}}, {"model": "admin.logentry", "pk": 199, "fields": {"action_time": "2019-06-20T13:33:14.626Z", "user": 2, "content_type": 14, "object_id": "12", "object_repr": "Land Rover Discovery Sport", "action_flag": 1, "change_message": "[{\"added\": {}}]"}}, {"model": "admin.logentry", "pk": 200, "fields": {"action_time": "2019-06-20T13:36:32.999Z", "user": 2, "content_type": 19, "object_id": "11", "object_repr": "Land Rover - Discovery Sport - HSE Dynamic", "action_flag": 1, "change_message": "[{\"added\": {}}]"}}, {"model": "admin.logentry", "pk": 201, "fields": {"action_time": "2019-06-20T13:37:23.805Z", "user": 2, "content_type": 17, "object_id": "8", "object_repr": "Land Rover Discovery Sport HSE Dynamic with price - 599 in Category Excess Wear and Tear", "action_flag": 1, "change_message": "[{\"added\": {}}]"}}, {"model": "admin.logentry", "pk": 202, "fields": {"action_time": "2019-06-21T05:52:12.545Z", "user": 2, "content_type": 9, "object_id": "3", "object_repr": "Excess Wear and Tear", "action_flag": 2, "change_message": "[{\"changed\": {\"fields\": [\"description\", \"more_description\"]}}]"}}, {"model": "admin.logentry", "pk": 203, "fields": {"action_time": "2019-06-21T05:58:24.657Z", "user": 2, "content_type": 9, "object_id": "3", "object_repr": "Excess Wear and Tear", "action_flag": 2, "change_message": "[{\"changed\": {\"fields\": [\"more_description\"]}}]"}}, {"model": "admin.logentry", "pk": 204, "fields": {"action_time": "2019-06-21T05:58:57.184Z", "user": 2, "content_type": 9, "object_id": "3", "object_repr": "Excess Wear and Tear", "action_flag": 2, "change_message": "[{\"changed\": {\"fields\": [\"more_description\"]}}]"}}, {"model": "admin.logentry", "pk": 205, "fields": {"action_time": "2019-06-21T07:27:23.333Z", "user": 2, "content_type": 9, "object_id": "3", "object_repr": "Excess Wear and Tear", "action_flag": 2, "change_message": "[]"}}, {"model": "admin.logentry", "pk": 206, "fields": {"action_time": "2019-06-21T07:33:44.526Z", "user": 2, "content_type": 9, "object_id": "3", "object_repr": "Excess Wear and Tear", "action_flag": 2, "change_message": "[{\"changed\": {\"fields\": [\"more_description\"]}}]"}}, {"model": "admin.logentry", "pk": 207, "fields": {"action_time": "2019-06-21T07:43:47.200Z", "user": 2, "content_type": 9, "object_id": "3", "object_repr": "Excess Wear and Tear", "action_flag": 2, "change_message": "[{\"changed\": {\"fields\": [\"more_description\"]}}]"}}, {"model": "admin.logentry", "pk": 208, "fields": {"action_time": "2019-06-21T07:43:47.539Z", "user": 2, "content_type": 9, "object_id": "3", "object_repr": "Excess Wear and Tear", "action_flag": 2, "change_message": "[]"}}, {"model": "admin.logentry", "pk": 209, "fields": {"action_time": "2019-06-21T09:17:55.000Z", "user": 2, "content_type": 9, "object_id": "3", "object_repr": "Excess Wear and Tear", "action_flag": 2, "change_message": "[{\"changed\": {\"fields\": [\"more_description\"]}}]"}}, {"model": "admin.logentry", "pk": 210, "fields": {"action_time": "2019-06-21T09:37:51.085Z", "user": 2, "content_type": 9, "object_id": "4", "object_repr": "tire and wheel", "action_flag": 2, "change_message": "[{\"changed\": {\"fields\": [\"description\", \"more_description\"]}}]"}}, {"model": "admin.logentry", "pk": 211, "fields": {"action_time": "2019-06-21T09:38:19.643Z", "user": 2, "content_type": 9, "object_id": "2", "object_repr": "ROAD key replacement", "action_flag": 2, "change_message": "[{\"changed\": {\"fields\": [\"description\", \"more_description\"]}}]"}}, {"model": "admin.logentry", "pk": 212, "fields": {"action_time": "2019-06-21T09:38:54.863Z", "user": 2, "content_type": 9, "object_id": "1", "object_repr": "3-in-1", "action_flag": 2, "change_message": "[{\"changed\": {\"fields\": [\"description\", \"more_description\"]}}]"}}, {"model": "admin.logentry", "pk": 213, "fields": {"action_time": "2019-06-21T09:49:13.673Z", "user": 2, "content_type": 9, "object_id": "3", "object_repr": "Excess Wear and Tear", "action_flag": 2, "change_message": "[{\"changed\": {\"fields\": [\"image\"]}}]"}}, {"model": "admin.logentry", "pk": 214, "fields": {"action_time": "2019-06-21T10:27:20.599Z", "user": 2, "content_type": 9, "object_id": "3", "object_repr": "Excess Wear and Tear", "action_flag": 2, "change_message": "[{\"changed\": {\"fields\": [\"more_description\"]}}]"}}, {"model": "admin.logentry", "pk": 215, "fields": {"action_time": "2019-06-21T10:28:15.125Z", "user": 2, "content_type": 9, "object_id": "3", "object_repr": "Excess Wear and Tear", "action_flag": 2, "change_message": "[{\"changed\": {\"fields\": [\"more_description\"]}}]"}}, {"model": "admin.logentry", "pk": 216, "fields": {"action_time": "2019-06-21T10:28:51.955Z", "user": 2, "content_type": 9, "object_id": "3", "object_repr": "Excess Wear and Tear", "action_flag": 2, "change_message": "[{\"changed\": {\"fields\": [\"more_description\"]}}]"}}, {"model": "admin.logentry", "pk": 217, "fields": {"action_time": "2019-06-21T10:34:28.432Z", "user": 2, "content_type": 9, "object_id": "3", "object_repr": "Excess Wear and Tear", "action_flag": 2, "change_message": "[]"}}, {"model": "admin.logentry", "pk": 218, "fields": {"action_time": "2019-06-21T10:43:53.613Z", "user": 2, "content_type": 9, "object_id": "4", "object_repr": "tire and wheel", "action_flag": 2, "change_message": "[{\"changed\": {\"fields\": [\"more_description\"]}}]"}}, {"model": "admin.logentry", "pk": 219, "fields": {"action_time": "2019-06-21T10:44:02.013Z", "user": 2, "content_type": 9, "object_id": "3", "object_repr": "Excess Wear and Tear", "action_flag": 2, "change_message": "[]"}}, {"model": "admin.logentry", "pk": 220, "fields": {"action_time": "2019-06-21T10:44:11.692Z", "user": 2, "content_type": 9, "object_id": "2", "object_repr": "ROAD key replacement", "action_flag": 2, "change_message": "[{\"changed\": {\"fields\": [\"more_description\"]}}]"}}, {"model": "admin.logentry", "pk": 221, "fields": {"action_time": "2019-06-21T10:44:22.016Z", "user": 2, "content_type": 9, "object_id": "1", "object_repr": "3-in-1", "action_flag": 2, "change_message": "[{\"changed\": {\"fields\": [\"more_description\"]}}]"}}, {"model": "admin.logentry", "pk": 222, "fields": {"action_time": "2019-06-21T11:33:42.703Z", "user": 2, "content_type": 17, "object_id": "3", "object_repr": "Acura ILX Base with price - 999 in Category Excess Wear and Tear", "action_flag": 2, "change_message": "[{\"changed\": {\"fields\": [\"description\", \"slug\"]}}]"}}, {"model": "admin.logentry", "pk": 223, "fields": {"action_time": "2019-06-21T11:35:44.855Z", "user": 2, "content_type": 17, "object_id": "8", "object_repr": "Land Rover Discovery Sport HSE Dynamic with price - 599 in Category Excess Wear and Tear", "action_flag": 2, "change_message": "[{\"changed\": {\"fields\": [\"description\", \"more_description\", \"slug\"]}}]"}}, {"model": "admin.logentry", "pk": 224, "fields": {"action_time": "2019-06-21T11:41:30.093Z", "user": 3, "content_type": 17, "object_id": "8", "object_repr": "Land Rover Discovery Sport HSE Dynamic with price - 599 in Category Excess Wear and Tear", "action_flag": 2, "change_message": "[{\"changed\": {\"fields\": [\"slug\"]}}]"}}, {"model": "admin.logentry", "pk": 225, "fields": {"action_time": "2019-06-21T11:42:15.836Z", "user": 3, "content_type": 9, "object_id": "4", "object_repr": "tire and wheel", "action_flag": 2, "change_message": "[{\"changed\": {\"fields\": [\"description\"]}}]"}}, {"model": "admin.logentry", "pk": 226, "fields": {"action_time": "2019-06-21T11:42:27.096Z", "user": 3, "content_type": 9, "object_id": "3", "object_repr": "Excess Wear and Tear", "action_flag": 2, "change_message": "[{\"changed\": {\"fields\": [\"description\"]}}]"}}, {"model": "admin.logentry", "pk": 227, "fields": {"action_time": "2019-06-21T11:42:40.615Z", "user": 3, "content_type": 9, "object_id": "2", "object_repr": "ROAD key replacement", "action_flag": 2, "change_message": "[{\"changed\": {\"fields\": [\"description\"]}}]"}}, {"model": "admin.logentry", "pk": 228, "fields": {"action_time": "2019-06-21T11:42:54.038Z", "user": 3, "content_type": 9, "object_id": "1", "object_repr": "3-in-1", "action_flag": 2, "change_message": "[{\"changed\": {\"fields\": [\"description\"]}}]"}}, {"model": "admin.logentry", "pk": 229, "fields": {"action_time": "2019-06-21T11:43:04.623Z", "user": 3, "content_type": 9, "object_id": "1", "object_repr": "3-in-1", "action_flag": 2, "change_message": "[]"}}, {"model": "admin.logentry", "pk": 230, "fields": {"action_time": "2019-06-21T11:43:29.503Z", "user": 3, "content_type": 9, "object_id": "1", "object_repr": "3-in-1", "action_flag": 2, "change_message": "[]"}}, {"model": "admin.logentry", "pk": 231, "fields": {"action_time": "2019-06-21T11:43:46.686Z", "user": 3, "content_type": 9, "object_id": "5", "object_repr": "Check approved", "action_flag": 1, "change_message": "[{\"added\": {}}]"}}, {"model": "admin.logentry", "pk": 232, "fields": {"action_time": "2019-06-21T11:44:13.107Z", "user": 3, "content_type": 9, "object_id": "5", "object_repr": "Check approved", "action_flag": 3, "change_message": ""}}, {"model": "admin.logentry", "pk": 233, "fields": {"action_time": "2019-06-21T11:44:23.109Z", "user": 2, "content_type": 17, "object_id": "5", "object_repr": "maruti swift dzire vxi with price - 344 in Category tire and wheel", "action_flag": 2, "change_message": "[{\"changed\": {\"fields\": [\"description\", \"more_description\", \"slug\"]}}]"}}, {"model": "admin.logentry", "pk": 234, "fields": {"action_time": "2019-06-21T11:44:27.896Z", "user": 2, "content_type": 17, "object_id": "4", "object_repr": "Acura ILX Base with price - 899 in Category tire and wheel", "action_flag": 2, "change_message": "[{\"changed\": {\"fields\": [\"description\", \"more_description\", \"slug\"]}}]"}}, {"model": "admin.logentry", "pk": 235, "fields": {"action_time": "2019-06-21T11:46:08.402Z", "user": 2, "content_type": 17, "object_id": "5", "object_repr": "maruti swift dzire vxi with price - 344 in Category tire and wheel", "action_flag": 2, "change_message": "[{\"changed\": {\"fields\": [\"description\", \"more_description\", \"slug\"]}}]"}}, {"model": "admin.logentry", "pk": 236, "fields": {"action_time": "2019-06-21T11:46:10.815Z", "user": 2, "content_type": 17, "object_id": "4", "object_repr": "Acura ILX Base with price - 899 in Category tire and wheel", "action_flag": 2, "change_message": "[{\"changed\": {\"fields\": [\"description\", \"more_description\", \"slug\"]}}]"}}, {"model": "admin.logentry", "pk": 237, "fields": {"action_time": "2019-06-21T11:48:45.745Z", "user": 2, "content_type": 17, "object_id": "8", "object_repr": "Land Rover Discovery Sport HSE Dynamic with price - 599 in Category Excess Wear and Tear", "action_flag": 2, "change_message": "[{\"changed\": {\"fields\": [\"slug\"]}}]"}}, {"model": "admin.logentry", "pk": 238, "fields": {"action_time": "2019-06-21T11:49:14.403Z", "user": 2, "content_type": 17, "object_id": "7", "object_repr": "Land Rover Range Rover Velar D180 S with price - 399 in Category Excess Wear and Tear", "action_flag": 2, "change_message": "[{\"changed\": {\"fields\": [\"description\", \"more_description\", \"slug\"]}}]"}}, {"model": "admin.logentry", "pk": 239, "fields": {"action_time": "2019-06-21T11:49:48.085Z", "user": 2, "content_type": 17, "object_id": "7", "object_repr": "Land Rover Range Rover Velar D180 S with price - 399 in Category Excess Wear and Tear", "action_flag": 2, "change_message": "[{\"changed\": {\"fields\": [\"more_description\", \"slug\"]}}]"}}, {"model": "admin.logentry", "pk": 240, "fields": {"action_time": "2019-06-21T11:50:22.323Z", "user": 2, "content_type": 17, "object_id": "6", "object_repr": "Land Rover Range Rover Velar Test D180 ST with price - 1122 in Category Excess Wear and Tear", "action_flag": 2, "change_message": "[{\"changed\": {\"fields\": [\"description\", \"more_description\", \"slug\"]}}]"}}, {"model": "admin.logentry", "pk": 241, "fields": {"action_time": "2019-06-21T11:50:28.251Z", "user": 2, "content_type": 17, "object_id": "3", "object_repr": "Acura ILX Base with price - 999 in Category Excess Wear and Tear", "action_flag": 2, "change_message": "[{\"changed\": {\"fields\": [\"more_description\", \"slug\"]}}]"}}, {"model": "admin.logentry", "pk": 242, "fields": {"action_time": "2019-06-21T11:51:48.517Z", "user": 2, "content_type": 17, "object_id": "2", "object_repr": "Acura ILX Base with price - 299 in Category ROAD key replacement", "action_flag": 2, "change_message": "[{\"changed\": {\"fields\": [\"description\", \"more_description\", \"slug\"]}}]"}}, {"model": "admin.logentry", "pk": 243, "fields": {"action_time": "2019-06-21T11:52:23.236Z", "user": 2, "content_type": 17, "object_id": "1", "object_repr": "Acura ILX Base with price - 1499 in Category 3-in-1", "action_flag": 2, "change_message": "[{\"changed\": {\"fields\": [\"description\", \"more_description\", \"slug\"]}}]"}}, {"model": "admin.logentry", "pk": 244, "fields": {"action_time": "2019-06-22T03:47:17.894Z", "user": 2, "content_type": 12, "object_id": "7", "object_repr": "Ford | 2019", "action_flag": 1, "change_message": "[{\"added\": {}}]"}}, {"model": "admin.logentry", "pk": 245, "fields": {"action_time": "2019-06-22T03:48:10.181Z", "user": 2, "content_type": 12, "object_id": "8", "object_repr": "Honda | 2019", "action_flag": 1, "change_message": "[{\"added\": {}}]"}}, {"model": "admin.logentry", "pk": 246, "fields": {"action_time": "2019-06-22T03:48:36.718Z", "user": 2, "content_type": 14, "object_id": "13", "object_repr": "Honda Accord", "action_flag": 1, "change_message": "[{\"added\": {}}]"}}, {"model": "admin.logentry", "pk": 247, "fields": {"action_time": "2019-06-22T03:49:01.192Z", "user": 2, "content_type": 19, "object_id": "12", "object_repr": "Honda - Accord - EX", "action_flag": 1, "change_message": "[{\"added\": {}}]"}}, {"model": "admin.logentry", "pk": 248, "fields": {"action_time": "2019-06-22T03:50:03.435Z", "user": 2, "content_type": 17, "object_id": "9", "object_repr": "Honda Accord EX with price - 599 in Category Excess Wear and Tear", "action_flag": 1, "change_message": "[{\"added\": {}}]"}}, {"model": "admin.logentry", "pk": 249, "fields": {"action_time": "2019-06-22T03:52:20.087Z", "user": 2, "content_type": 14, "object_id": "14", "object_repr": "Honda Accord Hybrid", "action_flag": 1, "change_message": "[{\"added\": {}}]"}}, {"model": "admin.logentry", "pk": 250, "fields": {"action_time": "2019-06-22T03:52:37.098Z", "user": 2, "content_type": 19, "object_id": "13", "object_repr": "Honda - Accord Hybrid - Base", "action_flag": 1, "change_message": "[{\"added\": {}}]"}}, {"model": "admin.logentry", "pk": 251, "fields": {"action_time": "2019-06-22T03:53:11.410Z", "user": 2, "content_type": 19, "object_id": "14", "object_repr": "Honda - Accord Hybrid - EX-L", "action_flag": 1, "change_message": "[{\"added\": {}}]"}}, {"model": "admin.logentry", "pk": 252, "fields": {"action_time": "2019-06-22T03:53:29.052Z", "user": 2, "content_type": 19, "object_id": "15", "object_repr": "Honda - Accord Hybrid - Touring", "action_flag": 1, "change_message": "[{\"added\": {}}]"}}, {"model": "admin.logentry", "pk": 253, "fields": {"action_time": "2019-06-22T03:54:12.501Z", "user": 2, "content_type": 14, "object_id": "15", "object_repr": "Honda Civic", "action_flag": 1, "change_message": "[{\"added\": {}}]"}}, {"model": "admin.logentry", "pk": 254, "fields": {"action_time": "2019-06-22T03:54:31.872Z", "user": 2, "content_type": 19, "object_id": "16", "object_repr": "Honda - Civic - EX-L", "action_flag": 1, "change_message": "[{\"added\": {}}]"}}, {"model": "admin.logentry", "pk": 255, "fields": {"action_time": "2019-06-22T03:54:50.905Z", "user": 2, "content_type": 19, "object_id": "17", "object_repr": "Honda - Civic - EX-L w/Navi", "action_flag": 1, "change_message": "[{\"added\": {}}]"}}, {"model": "admin.logentry", "pk": 256, "fields": {"action_time": "2019-06-22T03:55:01.537Z", "user": 2, "content_type": 19, "object_id": "18", "object_repr": "Honda - Civic - Sport Touring", "action_flag": 1, "change_message": "[{\"added\": {}}]"}}, {"model": "admin.logentry", "pk": 257, "fields": {"action_time": "2019-06-22T04:08:17.029Z", "user": 2, "content_type": 19, "object_id": "19", "object_repr": "Honda - Accord Hybrid - Ex-L w/Navi", "action_flag": 1, "change_message": "[{\"added\": {}}]"}}, {"model": "admin.logentry", "pk": 258, "fields": {"action_time": "2019-06-24T05:26:23.547Z", "user": 2, "content_type": 9, "object_id": "1", "object_repr": "3-in-1", "action_flag": 2, "change_message": "[{\"changed\": {\"fields\": [\"subtitle\"]}}]"}}, {"model": "admin.logentry", "pk": 259, "fields": {"action_time": "2019-06-24T07:04:56.487Z", "user": 2, "content_type": 9, "object_id": "1", "object_repr": "3-in-1", "action_flag": 2, "change_message": "[{\"changed\": {\"fields\": [\"more_description\"]}}]"}}, {"model": "admin.logentry", "pk": 260, "fields": {"action_time": "2019-06-24T07:09:49.331Z", "user": 2, "content_type": 9, "object_id": "4", "object_repr": "Tire and wheel Coverage", "action_flag": 2, "change_message": "[{\"changed\": {\"fields\": [\"name\"]}}]"}}, {"model": "admin.logentry", "pk": 261, "fields": {"action_time": "2019-06-24T07:42:50.539Z", "user": 2, "content_type": 9, "object_id": "4", "object_repr": "Tire and Wheel Coverage", "action_flag": 2, "change_message": "[{\"changed\": {\"fields\": [\"name\", \"description\"]}}]"}}, {"model": "admin.logentry", "pk": 262, "fields": {"action_time": "2019-06-24T07:43:50.372Z", "user": 2, "content_type": 9, "object_id": "4", "object_repr": "Tire and Wheel Coverage", "action_flag": 2, "change_message": "[{\"changed\": {\"fields\": [\"description\"]}}]"}}, {"model": "admin.logentry", "pk": 263, "fields": {"action_time": "2019-06-24T07:44:31.535Z", "user": 2, "content_type": 9, "object_id": "2", "object_repr": "R.O.A.D key replacement", "action_flag": 2, "change_message": "[{\"changed\": {\"fields\": [\"name\"]}}]"}}, {"model": "admin.logentry", "pk": 264, "fields": {"action_time": "2019-06-24T07:45:06.597Z", "user": 2, "content_type": 9, "object_id": "3", "object_repr": "Excess Wear and Tear", "action_flag": 2, "change_message": "[{\"changed\": {\"fields\": [\"description\"]}}]"}}]